adId,channel,pullUv,activeUv,newUv,attActiveUv,attNewUv,d0Income,d1Income,d3Income,d7Income,d14Income,d30Income,d90Income,dnIncome
69b8f0ed082d158b89d4f14d,link,453,201,21,70,1,119.99,175.86,216.04,427.31,487.77,634.89,669.49,669.49
69eee579e36fe00c433fc123,link,1071,335,16,15,1,91.65,107.35,141.65,317.35,374.47,433.39,523.89,523.89
6912db8f2f6a6207884b6fe3,link,51,43,22,11,4,56.72,64.18,217.04,405.12,445.47,477.07,505.69,505.69
69af874e39070a85b2559aed,link,368,116,5,64,0,112.79,140.79,166.95,213.71,285.04,459.5,498.21,498.21
6a1cf079c46c85020a1ac33f,link,727,224,16,72,3,167.31,196.99,223.53,278.06,320.65,361.83,361.83,361.83
6a1f8a1783724a9e0204ac11,link,1392,418,64,10,2,99.35,157.34,177.98,266.36,354.04,360.14,360.14,360.14
6a0d77a3e95c2d80649b4092,link,401,80,3,3,0,50.53,54.83,199.87,221.16,261.66,349.98,349.98,349.98
69d8949adc4437ec7f25f3d2,link,326,68,3,2,0,53.68,116.98,120.3,136.89,148.86,175.83,280.36,280.36
69ef1210d41d12d42512b164,link,193,33,1,2,0,9.43,42.23,50.37,194.21,203.58,241.74,269.17,269.17
69fea293594e2661699b3ec5,link,450,73,3,1,0,34.7,58.91,63.11,70.43,221.65,253.5,258.83,258.83
69c64e4fcf75c5562e9e1c9a,link,69,33,11,5,0,34.6,41.19,45.57,84.31,123.81,190.68,256.1,256.1
6a2010f583724a9e0204ac2c,link,686,235,14,10,1,98.19,115.9,144.01,173.46,218.04,241.61,241.61,241.61
6a12ba805b1eb5ac331b6922,link,494,141,12,5,0,16.99,27.95,44.14,110.4,200.3,239.61,239.61,239.61
69fc0188e71c030eb903203e,link,383,76,6,3,1,22.89,53.92,61.02,68.7,120.33,167.34,216.76,216.76
69d70bf78834321a4788ef9d,link,23,7,1,1,0,0.13,0.19,6.93,7.81,8.1,16.07,155.77,155.77
6a17b17cee65e026f56a7ced,link,759,212,16,3,0,65.68,74.18,84.42,111.91,127.68,153.07,153.07,153.07
4484,code,175,39,5,7,4,59.7,62.75,72.25,91.34,94.29,105.42,151.41,151.41
6a01b911356ab8725f99960d,link,231,50,4,8,0,51.19,53.98,66.09,78.27,93.13,134.77,149.52,149.52
6a0a73cf0771c1ae3226f9a1,link,354,94,4,4,0,23.55,35.06,47.36,68.32,106.98,140.39,140.43,140.43
6a1e7c8f211c5603cf016f49,link,3,1,0,1,0,0.91,0.91,139.72,139.72,139.72,139.72,139.72,139.72
4683,code,244,42,0,0,0,8.95,11.39,12.63,81.61,91.55,131.21,131.21,131.21
4639,code,299,42,2,2,2,18.56,20.76,23.97,44.8,55.77,130.05,130.61,130.61
6a165131a97618fb90db9026,link,461,90,3,4,0,10.4,26.57,47.75,64.12,121.33,127.01,127.01,127.01
6a0d77f2d31159d65c5a37b0,link,211,33,1,1,0,6.62,10.34,71.9,85.99,104.35,125.81,125.81,125.81
4523,code,256,37,0,2,0,9.55,13.44,14.97,17.14,24.03,108.98,119.65,119.65
69c24594f66460e5f92636da,link,238,53,5,1,0,21.19,38.77,48.45,63.01,81.5,117.28,117.9,117.9
6a222f5c406fd9db23d39154,link,345,94,8,1,1,30.62,35.15,57.06,88.46,104.37,104.37,104.37,104.37
69ce08be5815cec55a7f9301,link,239,46,5,0,0,7.05,64.12,67.22,68.76,73.14,87.64,94.9,94.9
4544,code,124,20,0,0,0,2.68,7.99,8.49,12.33,71.58,92.01,94.4,94.4
6a12bdb99023af36257f6628,link,111,20,1,2,0,8.77,11.15,16.32,23.32,46.63,94.03,94.03,94.03
6a27783166175e5e6cc07275,link,154,21,1,0,0,27.38,86.66,87.13,89.32,89.66,89.66,89.66,89.66
6a0d77fad31159d65c5a37b1,link,241,49,1,1,0,29.57,32.15,39.82,52.05,79.27,86.84,86.84,86.84
6a2f61be9f7344d682601168,link,583,162,3,10,3,43.98,49.08,62.73,74.88,74.88,74.88,74.88,74.88
69f2c0f20664bc6801ff1d1d,link,89,9,0,1,0,56.26,56.34,56.4,56.41,56.43,56.96,67.55,67.55
9238,code,569,101,3,3,2,40.25,49.94,59.99,62.47,62.47,62.47,62.47,62.47
69f4b65f1e1476c5e25b165d,link,152,23,2,1,0,30.45,32.76,43.76,45.78,50.04,53.57,62.2,62.2
69f2ffe82766ba81899b859c,link,5,1,0,1,0,7.31,7.31,7.31,19.08,30.85,42.62,58.86,58.86
6a13cbd93f57d4f16214a63a,link,286,47,3,0,0,34.84,35.43,35.93,36.66,50.83,55.36,55.36,55.36
695fb47bb9511cb656ebdd5c,link,1,1,0,1,0,55.04,55.04,55.04,55.04,55.04,55.04,55.04,55.04
6a41cbe9345ae93b8aa46e71,link,537,102,3,0,0,27.62,38.96,48.52,51.89,51.89,51.89,51.89,51.89
4483,code,33,5,0,1,0,5.14,5.14,5.14,5.14,27.6,27.66,50.12,50.12
4712,code,313,55,1,1,1,16.13,19.92,30.35,32.86,39.94,48.84,48.84,48.84
6a2414ed406fd9db23d39168,link,341,62,2,1,0,23.53,35.31,39.08,41.71,47.86,47.86,47.86,47.86
6a1f8aa783724a9e0204ac13,link,106,24,3,1,1,18.59,20.14,29.4,32.02,46.57,47.37,47.37,47.37
4543,code,190,23,3,5,3,14.38,17.76,19.44,24.32,39.51,40.75,46.68,46.68
69fde43fd10df3c127368bce,link,154,32,2,3,0,6.43,8.61,12.54,25.32,39.52,43.02,46.17,46.17
69bce8d5fb52f52ca33f3cf3,link,36,11,1,7,1,1.57,4.1,7.39,8.69,9.76,31.35,45.88,45.88
6a070f43497c8c17d4a70553,link,176,17,2,2,0,3.71,3.71,12.47,12.87,21.21,38.1,45.65,45.65
69d86505bc06726e0ff9428d,link,161,23,1,4,0,20.87,21.27,21.27,34.94,35.38,41.01,44.58,44.58
6a1584bb8639cb68d192c478,link,111,15,1,3,0,13.26,14.18,15.28,30.06,43.34,43.35,43.35,43.35
6a30aa862f0f8856840e967c,link,156,38,1,2,0,7.76,13.27,39.24,40.28,40.28,40.28,40.28,40.28
6a277de6135eda48748ae0e4,link,216,42,4,0,0,10.27,11.77,14.65,36.29,40.24,40.24,40.24,40.24
4527,code,120,8,0,0,0,15.41,19.16,19.16,19.22,19.22,19.55,38.91,38.91
4571,code,58,11,0,0,0,0.37,1.0,2.47,4.27,6.1,35.78,37.73,37.73
6a2969bd4545c263067d68ff,link,339,47,2,3,1,17.58,22.07,25.7,37.4,37.51,37.51,37.51,37.51
6a3dcd08d9585f7f2bccfc19,link,75,44,8,0,0,9.86,25.65,28.76,37.01,37.01,37.01,37.01,37.01
69ca329dcf75c5562e9e1d80,link,45,15,0,9,0,5.07,6.44,31.57,33.45,34.26,36.54,36.54,36.54
6a02c9e27e3a2a85492ac9a6,link,167,35,2,1,0,6.74,8.37,17.49,20.22,33.17,35.17,36.24,36.24
69bcea26d215fe0b36f1d7b9,link,9,4,3,0,0,3.08,3.15,3.46,19.81,36.05,36.05,36.05,36.05
4451,code,52,8,4,3,3,0.55,0.73,1.2,1.36,8.14,22.53,36.01,36.01
4499,code,258,17,2,1,1,2.55,3.75,5.27,6.95,13.08,23.89,35.91,35.91
69dc947f5e7a3e3b0c4f354b,link,11,5,0,3,0,13.1,32.93,34.11,34.6,34.83,34.85,34.85,34.85
4924,code,96,7,2,2,2,2.23,4.11,31.72,34.62,34.62,34.62,34.62,34.62
69a03e7e1c5630f69617a414,link,6,4,3,2,1,0.15,0.69,5.22,5.26,19.79,34.34,34.35,34.35
4522,code,237,46,3,5,2,3.17,6.72,10.68,15.53,21.93,26.67,34.03,34.03
4652,code,281,59,3,3,1,12.74,15.12,17.1,32.2,32.2,32.2,32.2,32.2
4505,code,142,18,1,2,0,6.49,7.2,7.23,7.28,8.75,29.46,31.67,31.67
999002,code,9,5,3,2,2,0.63,0.91,2.13,3.93,5.46,29.49,30.35,30.35
5646,code,642,63,0,1,0,7.09,15.88,23.16,27.92,27.92,27.92,27.92,27.92
69a55b771d357d4b46f59f2a,link,16,13,11,1,1,14.13,14.94,15.7,27.86,27.88,27.89,27.89,27.89
6a215ce89a25fc4a9fdf68f0,link,515,82,3,4,0,5.08,6.99,8.73,23.05,26.68,27.59,27.59,27.59
6a0d18519943d6e46bff9867,link,128,22,3,0,0,2.58,15.51,15.91,17.24,19.55,27.55,27.55,27.55
6a37828642152a2cb0a743f3,link,254,25,0,0,0,9.39,25.06,27.18,27.54,27.54,27.54,27.54,27.54
69c12a68c05a7d5aed1a5105,link,43,13,2,1,0,1.76,14.28,24.19,25.45,25.79,25.93,25.93,25.93
4530,code,255,21,1,0,0,3.43,5.48,7.07,11.02,14.28,22.33,25.81,25.81
69d70b52c074ec4bfc6a92df,link,8,5,0,0,0,2.95,8.98,9.29,11.91,16.29,20.3,25.01,25.01
6a02cc5c4a331188a5e1e681,link,148,22,1,0,0,3.43,7.81,10.28,10.8,12.1,24.19,24.46,24.46
4546,code,129,11,0,0,0,0.7,0.84,1.21,2.56,23.05,23.91,23.96,23.96
4466,code,16,2,0,0,0,13.89,13.89,23.68,23.68,23.68,23.68,23.68,23.68
69f300252766ba81899b859f,link,5,3,2,0,0,3.43,7.57,11.88,16.86,23.49,23.49,23.49,23.49
6a158194392f5ba754d4329c,link,95,14,0,2,0,4.0,21.95,21.99,22.25,22.47,22.47,22.47,22.47
4477,code,4,1,0,0,0,0.0,0.0,0.0,0.0,11.9,11.9,21.62,21.62
6a26391d406fd9db23d3916d,link,161,23,0,0,0,3.88,5.1,6.07,21.17,21.5,21.5,21.5,21.5
6a2f6e870f6c2a44ff9f9c45,link,136,20,2,5,2,19.95,20.74,20.87,20.87,20.87,20.87,20.87,20.87
6a26add3e839bfb02594879a,link,121,10,1,0,0,12.93,16.43,19.55,20.86,20.86,20.86,20.86,20.86
6a3e4c97ac11f685aee89c39,link,156,35,0,1,0,14.94,19.78,20.25,20.79,20.79,20.79,20.79,20.79
6a477bd6451df100bcd1bb7c,link,382,65,4,3,0,19.98,20.49,20.61,20.61,20.61,20.61,20.61,20.61
6a323a0bd35f8860e9732415,link,172,19,1,2,0,3.61,16.24,19.64,20.47,20.47,20.47,20.47,20.47
69cf3fddc074ec4bfc6a929b,link,18,6,0,1,0,0.72,1.31,2.8,2.8,2.8,20.26,20.26,20.26
6a325fc5b2035c0a7b513b2e,link,127,25,2,1,0,9.43,13.81,17.35,19.3,19.3,19.3,19.3,19.3
4447,code,1,1,0,0,0,0.8,0.8,6.84,14.03,18.66,18.67,18.67,18.67
6a2a39bb4b3f051d1363f0b2,link,101,14,0,1,0,10.75,17.17,17.34,18.23,18.29,18.29,18.29,18.29
4479,code,33,7,2,2,2,14.66,14.71,14.8,14.96,14.99,15.0,17.61,17.61
6a042489481a40087bfd9573,link,145,18,0,1,0,1.68,1.85,3.61,7.13,10.26,16.74,17.28,17.28
69a16129370b4b3f95802e7a,link,37,10,1,6,0,12.11,15.27,16.26,16.9,17.23,17.25,17.25,17.25
69bceb20fc30c3e8bf01cb21,link,25,12,4,2,0,5.64,6.37,6.81,7.32,12.95,16.86,16.86,16.86
4532,code,191,21,1,1,1,4.06,5.64,6.67,9.97,11.08,13.59,16.79,16.79
4464,code,19,3,2,2,1,4.01,4.11,4.27,16.44,16.44,16.44,16.44,16.44
4476,code,58,6,0,0,0,0.03,16.27,16.27,16.28,16.28,16.28,16.28,16.28
69718f6558610d8ac5a88910,link,1,1,0,1,0,0.0,0.0,0.0,15.98,15.98,15.98,15.98,15.98
6968fa59c82a17a520615bb7,link,15,8,3,1,0,13.33,14.42,15.29,15.29,15.37,15.37,15.37,15.37
4531,code,167,13,0,0,0,4.92,6.18,7.19,8.62,9.86,14.64,15.13,15.13
4713,code,90,14,0,0,0,0.6,2.25,4.04,5.22,6.62,15.08,15.08,15.08
6a0effcdac4379c272fecb3b,link,120,13,1,0,0,0.37,0.62,1.35,2.44,5.42,14.96,14.96,14.96
4832,code,31,9,0,1,0,14.92,14.92,14.92,14.92,14.92,14.92,14.92,14.92
4823,code,3,1,1,1,1,1.72,5.54,10.2,13.57,14.86,14.86,14.86,14.86
5583,code,219,19,1,2,1,9.62,13.77,14.39,14.6,14.6,14.6,14.6,14.6
6a202cf7914432c3c62bec05,link,181,19,1,1,0,2.1,3.01,8.53,9.74,14.39,14.53,14.53,14.53
4492,code,100,10,0,0,0,5.41,8.12,8.29,8.31,12.04,13.91,14.02,14.02
4835,code,53,22,1,1,1,11.09,11.7,12.64,13.78,13.89,13.89,13.89,13.89
4673,code,13,3,1,1,1,0.99,13.45,13.45,13.49,13.54,13.55,13.55,13.55
4497,code,19,5,2,2,2,5.3,5.3,5.3,5.3,5.3,13.28,13.28,13.28
145801,code,3,1,0,0,0,0.0,0.0,0.0,0.0,4.2,12.59,12.59,12.59
1321,code,1,1,1,1,1,0.08,0.41,1.82,4.67,7.46,12.57,12.57,12.57
697385a2035b6429cf712a79,link,4,1,0,0,0,0.24,0.42,0.67,4.78,8.68,12.56,12.56,12.56
6a1c5c1931720d3c3904675a,link,98,14,0,1,0,9.4,9.94,10.15,10.93,11.81,11.89,11.89,11.89
4917,code,263,30,2,0,0,2.42,2.74,4.18,6.4,11.49,11.49,11.49,11.49
69cf5a1e5815cec55a7f9308,link,5,1,0,0,0,0.01,0.01,0.01,0.14,8.2,11.39,11.39,11.39
6a28e3925d66fd5f7e7ad39b,link,230,27,1,1,0,10.61,10.89,10.97,11.19,11.19,11.19,11.19,11.19
69b019897936f21c9661be21,link,2,1,0,0,0,11.11,11.11,11.11,11.11,11.11,11.11,11.11,11.11
69b8f9388d32ad604b48a427,link,1,1,0,0,0,4.0,4.0,4.0,4.0,8.67,8.67,10.91,10.91
4936,code,337,36,0,1,0,7.06,10.55,10.63,10.63,10.63,10.63,10.63,10.63
6a37f43ef76361d542675988,link,176,45,0,3,0,4.74,6.79,10.11,10.16,10.16,10.16,10.16,10.16
6a3b22b9b35a3404346d6d5f,link,12,12,4,8,4,9.78,9.87,10.1,10.1,10.1,10.1,10.1,10.1
69e86af7f3566e00c3ca139d,link,5,2,0,1,0,1.63,2.42,9.04,9.08,9.26,9.88,9.88,9.88
6a1456503f57d4f16214a64b,link,19,4,0,0,0,0.34,0.34,0.34,0.4,1.12,9.88,9.88,9.88
69a8013cef31e7f49fc6c291,link,12,3,0,0,0,0.03,0.03,0.03,0.03,4.04,7.6,9.56,9.56
4526,code,63,3,0,0,0,0.2,0.42,0.47,1.38,2.03,2.16,8.27,8.27
9109,code,104,10,1,1,1,6.48,6.88,7.55,8.24,8.24,8.24,8.24,8.24
4504,code,86,15,0,0,0,3.03,3.61,4.28,5.06,5.43,6.73,7.59,7.59
69d70ba1bd18b15233fb70b0,link,62,15,0,0,0,0.08,0.08,0.08,0.83,1.31,3.2,7.58,7.58
4478,code,34,11,4,3,2,3.11,4.22,5.44,5.89,6.73,7.31,7.32,7.32
4528,code,115,7,0,0,0,0.27,3.1,3.65,4.66,4.86,7.05,7.23,7.23
4827,code,8,1,1,1,1,0.58,2.4,3.88,7.05,7.05,7.05,7.05,7.05
6a1672cffd42c901bc4ab368,link,12,6,5,0,0,6.08,6.12,6.43,6.52,6.55,6.55,6.55,6.55
4533,code,71,7,0,0,0,2.82,4.28,4.29,4.39,5.13,6.27,6.39,6.39
6a2a4664f11610be10eab73b,link,41,12,3,5,2,3.29,4.24,5.15,6.03,6.03,6.03,6.03,6.03
5634,code,254,31,1,1,1,3.42,4.66,5.22,5.59,5.59,5.59,5.59,5.59
1519,code,7,3,0,0,0,0.01,0.01,0.11,0.54,2.66,4.96,5.53,5.53
6a05b3efbd391bda330bd8f7,link,5,1,0,1,0,0.0,0.13,0.51,1.1,2.38,5.27,5.36,5.36
69a6cc89ae4cb6bc00ba5717,link,2,1,0,0,0,0.18,0.18,0.18,5.1,5.1,5.32,5.32,5.32
4473,code,26,4,1,1,1,1.5,2.42,3.12,5.04,5.09,5.19,5.19,5.19
6a190afaa23f476e2d75e633,link,65,18,4,6,4,2.5,3.51,5.11,5.12,5.12,5.12,5.12,5.12
4854,code,41,10,0,0,0,0.32,4.67,5.04,5.04,5.04,5.04,5.04,5.04
149401,code,23,11,4,3,3,0.01,0.01,0.01,0.02,0.02,3.13,4.84,4.84
7211,code,6,3,1,1,0,0.2,1.99,3.5,4.84,4.84,4.84,4.84,4.84
909007,code,6,5,2,2,2,0.8,2.76,4.28,4.72,4.72,4.72,4.72,4.72
691a9814bc50d5a5bb73e48d,link,3,2,1,0,0,0.1,0.31,4.68,4.68,4.68,4.68,4.68,4.68
4585,code,44,7,0,0,0,0.53,1.11,1.59,2.05,3.03,4.16,4.19,4.19
009969,code,9,5,3,4,2,3.09,3.75,4.1,4.1,4.1,4.1,4.1,4.1
4925,code,198,16,0,1,0,1.96,3.2,4.05,4.06,4.06,4.06,4.06,4.06
4749,code,41,9,1,1,1,1.06,2.03,2.92,3.9,4.04,4.04,4.04,4.04
9258,code,149,11,0,0,0,0.54,3.27,3.36,4.0,4.0,4.0,4.0,4.0
1472,code,14,5,1,2,1,0.14,0.3,0.53,1.22,2.11,3.0,3.79,3.79
6a0d78172c22c62c9c5c2d4c,link,26,6,0,2,0,1.33,2.61,2.94,2.95,3.76,3.78,3.78,3.78
4714,code,71,7,0,0,0,0.3,0.56,1.09,1.78,3.29,3.68,3.68,3.68
69f2ffcdf26d74517548c1d1,link,1,1,0,0,0,0.27,1.49,1.56,1.56,1.95,3.63,3.63,3.63
69df33458529b914eeb4d414,link,34,7,0,0,0,1.76,2.0,2.19,2.49,2.49,3.6,3.6,3.6
9068,code,190,12,1,1,1,0.94,2.44,3.01,3.17,3.58,3.58,3.58,3.58
6a1537903b3d91cd7e3c427c,link,33,5,2,0,0,2.83,2.84,2.86,2.86,2.9,3.57,3.57,3.57
69dc8ed99757af1b8e1b5e4f,link,42,12,0,1,0,1.23,1.6,1.86,2.06,2.2,2.34,3.51,3.51
6a130c779023af36257f662a,link,60,6,1,1,0,0.41,0.88,1.75,2.13,3.11,3.49,3.49,3.49
4495,code,27,8,2,1,1,0.1,0.11,0.97,1.63,2.45,3.45,3.47,3.47
69e0ac006033da99d727e69d,link,44,5,1,0,0,2.9,3.4,3.41,3.41,3.41,3.41,3.41,3.41
6a44d49b290514dfe07cf5dc,link,133,18,0,0,0,1.28,2.22,3.26,3.28,3.28,3.28,3.28,3.28
691d355ba033b5fd01f9c267,link,4,4,0,1,0,2.8,2.8,2.8,2.8,3.27,3.27,3.27,3.27
69bcebe9de0741f44e1d4323,link,4,4,3,1,0,0.81,1.04,1.12,1.12,1.12,1.38,3.26,3.26
6a1499b59023af36257f6729,link,69,12,3,3,1,1.07,1.19,1.27,1.8,3.16,3.16,3.16,3.16
6a2ba27d296b6506c77ae4ef,link,175,22,1,2,0,1.27,1.49,1.65,3.15,3.16,3.16,3.16,3.16
6978baed2911419641211c53,link,6,1,0,1,0,0.0,0.0,0.0,0.0,0.1,3.14,3.14,3.14
009978,code,2,1,1,1,1,0.0,0.0,0.0,0.0,0.1,3.14,3.14,3.14
6a0a00ec0771c1ae3226f991,link,5,3,2,2,1,3.0,3.09,3.12,3.12,3.12,3.12,3.12,3.12
4502,code,24,4,1,1,1,2.9,2.98,2.98,2.98,2.98,2.99,2.99,2.99
4782,code,1,1,0,0,0,1.22,2.96,2.96,2.96,2.96,2.96,2.96,2.96
4507,code,16,2,1,1,1,0.74,1.33,1.33,1.35,1.35,2.95,2.95,2.95
69f422db1e1476c5e25b1650,link,27,16,10,1,0,0.46,0.84,1.07,1.32,1.7,2.59,2.73,2.73
69f01829b578de1f41b14700,link,21,4,0,1,0,0.21,0.57,1.12,1.43,2.59,2.71,2.71,2.71
4503,code,41,11,2,1,1,0.15,0.17,0.42,0.99,1.22,1.76,2.68,2.68
6a28ae14f11610be10eab71e,link,12,6,0,0,0,0.04,0.08,0.42,2.6,2.6,2.6,2.6,2.6
6965b3e9f00f878e03d48781,link,1,1,0,1,0,1.09,1.39,1.39,1.39,1.5,2.6,2.6,2.6
6a2bddc44261e5243c505e30,link,89,10,0,0,0,0.56,0.61,1.77,2.56,2.56,2.56,2.56,2.56
4511,code,29,2,0,0,0,0.97,1.21,1.36,1.36,1.36,2.43,2.43,2.43
696f3a6b70374f19b6aa5694,link,6,6,2,0,0,1.45,2.0,2.27,2.29,2.29,2.37,2.37,2.37
6a3bb7e9ac11f685aee88897,link,168,25,1,3,0,1.28,2.06,2.29,2.33,2.33,2.33,2.33,2.33
69251487687cf1fc3381c4d0,link,11,7,2,0,0,1.69,1.7,1.7,1.7,1.86,2.16,2.16,2.16
4463,code,27,4,0,1,0,1.27,1.41,1.41,1.66,1.67,2.15,2.15,2.15
696f35f670374f19b6aa5693,link,26,10,1,0,0,0.24,0.35,0.48,1.17,1.52,2.06,2.06,2.06
9188,code,293,37,1,1,0,1.8,1.89,1.9,1.98,1.98,1.98,1.98,1.98
69fee2e361118c6285dff7c5,link,41,4,0,0,0,0.59,1.86,1.86,1.91,1.92,1.92,1.92,1.92
4562,code,5,2,0,0,0,0.52,1.31,1.31,1.78,1.78,1.78,1.78,1.78
4715,code,77,6,0,0,0,0.25,0.25,0.29,0.32,1.42,1.75,1.75,1.75
5579,code,75,8,0,0,0,0.92,1.28,1.62,1.71,1.71,1.71,1.71,1.71
9234,code,4,1,0,0,0,0.01,0.01,1.68,1.68,1.68,1.68,1.68,1.68
4649,code,141,10,0,0,0,0.24,0.25,0.25,0.26,0.57,1.61,1.61,1.61
6982c881ce4dd3594e9dd2e8,link,12,5,1,0,0,0.01,0.02,0.5,1.06,1.11,1.61,1.61,1.61
4684,code,4,2,0,0,0,0.0,0.0,0.0,0.0,0.22,1.6,1.6,1.6
69e98f490b63e5d9df6f48d3,link,15,4,1,0,0,1.28,1.53,1.53,1.6,1.6,1.6,1.6,1.6
4494,code,11,2,1,1,1,0.7,1.42,1.53,1.53,1.53,1.53,1.53,1.53
69bd1f025b0722365803acd1,link,1,1,0,1,0,1.51,1.51,1.51,1.51,1.51,1.51,1.51,1.51
5609,code,235,21,1,2,1,0.58,0.98,1.19,1.51,1.51,1.51,1.51,1.51
691ad17e362e967040db709f,link,2,2,0,0,0,0.4,0.83,1.19,1.48,1.48,1.48,1.48,1.48
69a2da0f000b7daab36a104f,link,2,1,0,0,0,0.0,0.0,0.0,0.0,1.47,1.47,1.47,1.47
6a39873bf8194526ae1f0425,link,17,16,11,14,11,0.34,0.69,1.15,1.4,1.4,1.4,1.4,1.4
9963,code,1,1,1,1,1,0.03,0.49,1.27,1.39,1.39,1.39,1.39,1.39
697e019ebd2050a8938a31c0,link,2,1,0,1,0,0.19,0.19,0.19,0.56,0.93,1.32,1.32,1.32
69c1269daa100da0a2e47f14,link,12,9,3,0,0,1.25,1.25,1.28,1.28,1.28,1.28,1.28,1.28
69fd8d65e32f6ec98bdd43f2,link,80,8,1,0,0,0.41,0.46,0.47,0.49,1.24,1.26,1.26,1.26
4524,code,9,2,0,0,0,0.04,0.04,0.29,0.52,0.74,0.8,1.23,1.23
6a27c43155707b82d95ae882,link,15,8,1,0,0,0.88,1.23,1.23,1.23,1.23,1.23,1.23,1.23
6a20ac41d424787812989ca6,link,13,4,0,0,0,0.2,0.2,0.32,1.22,1.22,1.22,1.22,1.22
093059,code,1,1,0,1,0,1.22,1.22,1.22,1.22,1.22,1.22,1.22,1.22
69d70bcd0f54db8616618856,link,19,2,0,0,0,0.99,1.11,1.11,1.11,1.11,1.11,1.18,1.18
69142e6ab86a4a94922740f9,link,1,1,0,1,0,0.12,0.29,0.55,0.99,1.18,1.18,1.18,1.18
9006,code,1,1,0,0,0,0.07,0.32,0.82,1.03,1.14,1.14,1.14,1.14
697e06738b4bc0cce17868ba,link,1,1,0,1,0,1.14,1.14,1.14,1.14,1.14,1.14,1.14,1.14
69a15e35f459769caf4f1aec,link,7,1,0,0,0,0.46,0.46,0.46,1.13,1.13,1.13,1.13,1.13
4916,code,43,3,0,0,0,0.81,0.92,1.05,1.12,1.12,1.12,1.12,1.12
9141,code,1,1,1,1,1,0.04,0.23,0.99,1.1,1.1,1.1,1.1,1.1
9240,code,1,1,0,0,0,0.14,0.54,1.04,1.04,1.04,1.04,1.04,1.04
149501,code,3,1,0,0,0,0.17,0.39,0.42,0.44,0.44,1.03,1.03,1.03
071803,code,1,1,1,1,1,1.03,1.03,1.03,1.03,1.03,1.03,1.03,1.03
69d8bcfdc145d164c46d0937,link,4,2,0,0,0,0.26,0.31,0.44,1.01,1.01,1.01,1.01,1.01
69eacad6300de7ec182e5461,link,34,3,0,0,0,0.92,0.92,0.92,0.92,0.92,0.98,0.98,0.98
145901,code,2,1,0,0,0,0.0,0.0,0.0,0.0,0.96,0.96,0.96,0.96
69bcb312a069ce8df4322f9b,link,13,3,0,0,0,0.43,0.43,0.5,0.94,0.94,0.95,0.95,0.95
69551671a31f52b04268ce22,link,1,1,0,0,0,0.21,0.41,0.94,0.94,0.94,0.94,0.94,0.94
140201,code,3,2,1,1,1,0.01,0.01,0.64,0.94,0.94,0.94,0.94,0.94
69c1264caa100da0a2e47f13,link,32,5,0,1,0,0.18,0.19,0.28,0.6,0.6,0.74,0.93,0.93
69f2ffaa4c7a36160c4dbca7,link,1,1,0,0,0,0.71,0.83,0.83,0.83,0.88,0.88,0.91,0.91
6a06bc016719d84bc00ff87d,link,2,1,0,0,0,0.46,0.46,0.46,0.88,0.88,0.88,0.88,0.88
150201,code,1,1,1,1,1,0.04,0.04,0.04,0.84,0.84,0.84,0.84,0.84
4638,code,8,3,1,1,1,0.0,0.0,0.0,0.0,0.0,0.82,0.82,0.82
69bd1d00367d18c98c8978b7,link,2,2,1,2,1,0.04,0.04,0.05,0.51,0.59,0.6,0.8,0.8
69a6e8f5d84c39b91f836c7f,link,2,1,0,1,0,0.79,0.79,0.79,0.79,0.79,0.79,0.79,0.79
6932477a1a66ac0a98e3c5df,link,1,1,0,1,0,0.23,0.36,0.43,0.69,0.76,0.77,0.78,0.78
091103,code,1,1,0,1,0,0.01,0.14,0.76,0.77,0.77,0.77,0.77,0.77
4475,code,2,1,0,0,0,0.18,0.58,0.58,0.58,0.58,0.76,0.76,0.76
6a1521c35b1eb5ac331b6958,link,25,9,1,1,1,0.61,0.69,0.72,0.72,0.72,0.72,0.72,0.72
009996,code,2,1,0,0,0,0.0,0.0,0.71,0.71,0.71,0.71,0.71,0.71
691a9d66d769b8587f6f52be,link,8,6,3,1,0,0.62,0.64,0.65,0.65,0.66,0.66,0.66,0.66
151601,code,1,1,0,0,0,0.01,0.13,0.63,0.63,0.63,0.63,0.63,0.63
6a092a574710fa5d80474a8e,link,17,5,2,0,0,0.11,0.11,0.11,0.39,0.49,0.62,0.62,0.62
152101,code,1,1,0,0,0,0.45,0.62,0.62,0.62,0.62,0.62,0.62,0.62
69ca42abe8716b283b795c06,link,1,1,0,0,0,0.61,0.61,0.61,0.61,0.61,0.61,0.61,0.61
695e124ddb4cc5866ed8a18c,link,1,1,1,0,0,0.12,0.28,0.4,0.6,0.6,0.6,0.6,0.6
4465,code,6,2,0,0,0,0.04,0.08,0.4,0.53,0.53,0.53,0.53,0.53
4645,code,2,1,0,0,0,0.0,0.0,0.0,0.19,0.46,0.5,0.5,0.5
69e19fe35a5c429be1260023,link,14,3,0,1,0,0.0,0.5,0.5,0.5,0.5,0.5,0.5,0.5
992001,code,1,1,1,0,0,0.08,0.08,0.49,0.49,0.49,0.49,0.49,0.49
4766,code,1,1,0,0,0,0.47,0.47,0.47,0.47,0.47,0.47,0.47,0.47
69548c13cd40c2a9ab88ef2a,link,5,1,0,0,0,0.0,0.0,0.46,0.46,0.46,0.46,0.46,0.46
9918,code,3,2,2,2,2,0.24,0.45,0.45,0.46,0.46,0.46,0.46,0.46
9328,code,10,1,0,0,0,0.44,0.44,0.44,0.44,0.44,0.44,0.44,0.44
4870,code,26,8,0,0,0,0.43,0.43,0.43,0.43,0.43,0.43,0.43,0.43
2775,code,1,1,1,1,1,0.06,0.06,0.29,0.32,0.33,0.37,0.43,0.43
9300,code,143,14,0,0,0,0.2,0.29,0.35,0.42,0.42,0.42,0.42,0.42
6a05b3fba41e8e8a14a09800,link,10,1,0,0,0,0.0,0.0,0.0,0.02,0.09,0.42,0.42,0.42
5622,code,97,2,0,0,0,0.28,0.41,0.41,0.41,0.41,0.41,0.41,0.41
1495,code,3,1,0,0,0,0.0,0.0,0.13,0.26,0.34,0.35,0.38,0.38
69a8224a9c124691f21597c2,link,4,3,0,0,0,0.37,0.37,0.37,0.37,0.37,0.37,0.37,0.37
6a46c12b8e6b67b11aa21e1b,link,4,3,2,0,0,0.16,0.23,0.37,0.37,0.37,0.37,0.37,0.37
4539,code,3,1,0,0,0,0.04,0.13,0.25,0.35,0.35,0.35,0.35,0.35
69f05c10cd602ae9ac364739,link,9,1,0,0,0,0.07,0.14,0.18,0.26,0.33,0.33,0.33,0.33
4837,code,1,1,1,1,1,0.32,0.32,0.32,0.32,0.32,0.32,0.32,0.32
4692,code,2,1,0,0,0,0.0,0.0,0.0,0.3,0.3,0.3,0.3,0.3
6964edad2824f4a9ea08a0b9,link,7,6,3,2,1,0.06,0.25,0.28,0.3,0.3,0.3,0.3,0.3
6a30e0090f6c2a44ff9faae4,link,7,6,4,6,4,0.09,0.17,0.25,0.29,0.29,0.29,0.29,0.29
6a29675bf9273985a1c23f98,link,5,4,2,0,0,0.08,0.1,0.19,0.29,0.29,0.29,0.29,0.29
69f2fff54c7a36160c4dbcaa,link,1,1,1,1,1,0.17,0.24,0.24,0.29,0.29,0.29,0.29,0.29
4506,code,66,7,2,1,1,0.18,0.18,0.23,0.24,0.24,0.28,0.28,0.28
6a1e7c16d424787812989c88,link,7,3,0,1,0,0.23,0.23,0.28,0.28,0.28,0.28,0.28,0.28
4488,code,6,1,0,0,0,0.0,0.0,0.0,0.0,0.0,0.04,0.27,0.27
4901,code,79,11,0,0,0,0.04,0.04,0.27,0.27,0.27,0.27,0.27,0.27
6a3dca8dd3124af6a8a83d7f,link,5,1,0,0,0,0.26,0.26,0.27,0.27,0.27,0.27,0.27,0.27
5589,code,141,7,0,0,0,0.03,0.08,0.25,0.27,0.27,0.27,0.27,0.27
1508,code,5,1,0,1,0,0.0,0.02,0.05,0.07,0.19,0.26,0.26,0.26
6a3cc6e8d9585f7f2bccf6b1,link,128,10,0,0,0,0.26,0.26,0.26,0.26,0.26,0.26,0.26,0.26
009998,code,4,3,2,1,1,0.0,0.04,0.18,0.21,0.21,0.21,0.25,0.25
6a2b54a9ae3469386932b118,link,2,2,0,1,0,0.25,0.25,0.25,0.25,0.25,0.25,0.25,0.25
6a3b6e05d3124af6a8a82b8b,link,2,2,2,2,2,0.22,0.22,0.22,0.24,0.24,0.24,0.24,0.24
4452,code,10,1,0,0,0,0.01,0.14,0.23,0.23,0.23,0.23,0.23,0.23
698ac0c6821dc54317d59f77,link,8,2,0,0,0,0.18,0.22,0.22,0.22,0.22,0.22,0.22,0.22
6a26292fe30ef7b6d9aff282,link,33,3,1,0,0,0.14,0.22,0.22,0.22,0.22,0.22,0.22,0.22
4570,code,59,1,0,0,0,0.19,0.19,0.19,0.19,0.19,0.19,0.19,0.19
6a05ceedd8199c1b1e135120,link,2,2,0,0,0,0.0,0.0,0.0,0.0,0.0,0.19,0.19,0.19
9383,code,2,2,0,0,0,0.08,0.13,0.14,0.14,0.16,0.19,0.19,0.19
092101,code,6,2,0,0,0,0.01,0.08,0.13,0.13,0.13,0.16,0.18,0.18
69df3d038820868a5c9e10fd,link,22,1,0,0,0,0.17,0.17,0.17,0.17,0.17,0.17,0.17,0.17
2772,code,1,1,0,1,0,0.17,0.17,0.17,0.17,0.17,0.17,0.17,0.17
4905,code,24,4,0,0,0,0.07,0.09,0.1,0.15,0.15,0.15,0.15,0.15
4480,code,19,3,0,1,0,0.15,0.15,0.15,0.15,0.15,0.15,0.15,0.15
69a0337dbe63d94d7f9aa66f,link,9,1,0,0,0,0.07,0.07,0.07,0.07,0.07,0.14,0.14,0.14
6a1e3acf8d21b7fc4ae8f0c1,link,31,2,0,1,0,0.14,0.14,0.14,0.14,0.14,0.14,0.14,0.14
6a1cf22416271a5b86179874,link,3,1,0,0,0,0.04,0.07,0.14,0.14,0.14,0.14,0.14,0.14
4744,code,32,1,0,0,0,0.01,0.03,0.11,0.14,0.14,0.14,0.14,0.14
6a1536ac3f57d4f16214a66a,link,51,24,12,6,5,0.09,0.09,0.1,0.12,0.12,0.12,0.12,0.12
6a3c11a1ac11f685aee88a02,link,1,1,1,1,1,0.12,0.12,0.12,0.12,0.12,0.12,0.12,0.12
6a3c1179d9585f7f2bccf1a9,link,2,2,1,2,1,0.04,0.12,0.12,0.12,0.12,0.12,0.12,0.12
69f42401e255ff29f2ff1708,link,5,2,1,0,0,0.01,0.02,0.02,0.02,0.02,0.1,0.12,0.12
9338,code,3,2,0,0,0,0.1,0.12,0.12,0.12,0.12,0.12,0.12,0.12
698b0df1b626fdbb42661806,link,3,1,0,0,0,0.12,0.12,0.12,0.12,0.12,0.12,0.12,0.12
7903,code,3,2,2,2,2,0.1,0.11,0.11,0.11,0.11,0.11,0.11,0.11
6a13b206ab3e3f31dd9efa30,link,1,1,0,0,0,0.11,0.11,0.11,0.11,0.11,0.11,0.11,0.11
6989ed5289171a84dcdeff57,link,2,1,0,1,0,0.11,0.11,0.11,0.11,0.11,0.11,0.11,0.11
093075,code,1,1,0,0,0,0.0,0.0,0.0,0.1,0.1,0.1,0.1,0.1
140101,code,2,1,1,1,1,0.08,0.09,0.09,0.09,0.1,0.1,0.1,0.1
69f2ff51f26d74517548c1ce,link,1,1,1,0,0,0.02,0.09,0.09,0.1,0.1,0.1,0.1,0.1
6a478538047dd6a4b727d5bf,link,76,4,0,0,0,0.1,0.1,0.1,0.1,0.1,0.1,0.1,0.1
4615,code,91,5,0,0,0,0.03,0.03,0.03,0.03,0.06,0.1,0.1,0.1
6a35a53b42152a2cb0a73835,link,3,2,1,0,0,0.05,0.09,0.09,0.09,0.09,0.09,0.09,0.09
4623,code,1,1,0,0,0,0.0,0.0,0.0,0.0,0.09,0.09,0.09,0.09
692664c56606046e16ee6155,link,10,5,1,0,0,0.09,0.09,0.09,0.09,0.09,0.09,0.09,0.09
9239,code,83,8,0,0,0,0.04,0.08,0.08,0.08,0.08,0.08,0.08,0.08
69f2c40c7137c07d3e592108,link,13,2,2,0,0,0.08,0.08,0.08,0.08,0.08,0.08,0.08,0.08
6a1e3b2a943b6f863dfe294f,link,8,1,0,0,0,0.08,0.08,0.08,0.08,0.08,0.08,0.08,0.08
6a3abbe83762cd2623856a47,link,6,2,2,0,0,0.01,0.02,0.05,0.08,0.08,0.08,0.08,0.08
6a360efe42152a2cb0a73a55,link,14,2,0,0,0,0.07,0.07,0.07,0.07,0.07,0.07,0.07,0.07
6a2cc35b0f6c2a44ff9f8ce0,link,22,3,0,0,0,0.07,0.07,0.07,0.07,0.07,0.07,0.07,0.07
69f95c9c362028a0ac10b7ae,link,4,3,2,0,0,0.0,0.0,0.0,0.0,0.04,0.07,0.07,0.07
6a26b0ac9a25fc4a9fdf6915,link,26,25,22,1,0,0.02,0.04,0.04,0.05,0.06,0.06,0.06,0.06
698439aab54295967901170d,link,5,3,1,0,0,0.06,0.06,0.06,0.06,0.06,0.06,0.06,0.06
4445,code,1,1,0,0,0,0.0,0.0,0.0,0.0,0.0,0.06,0.06,0.06
9998,code,4,2,2,2,2,0.0,0.05,0.05,0.05,0.05,0.05,0.05,0.05
699efebe16213c740dd8069d,link,1,1,0,0,0,0.0,0.02,0.05,0.05,0.05,0.05,0.05,0.05
6a2bd9752f0b24eb63840d77,link,1,1,1,1,1,0.05,0.05,0.05,0.05,0.05,0.05,0.05,0.05
6a09cd304710fa5d80474a95,link,4,1,0,1,0,0.04,0.04,0.04,0.04,0.04,0.05,0.05,0.05
5582,code,4,1,0,0,0,0.02,0.03,0.05,0.05,0.05,0.05,0.05,0.05
4628,code,3,1,1,1,1,0.04,0.04,0.04,0.04,0.04,0.05,0.05,0.05
6a151395914fbdd8ec89058c,link,38,3,0,1,0,0.05,0.05,0.05,0.05,0.05,0.05,0.05,0.05
9117,code,19,2,0,0,0,0.0,0.0,0.02,0.04,0.04,0.04,0.04,0.04
8123,code,1,1,0,0,0,0.01,0.01,0.04,0.04,0.04,0.04,0.04,0.04
4938,code,59,1,0,0,0,0.04,0.04,0.04,0.04,0.04,0.04,0.04,0.04
4813,code,50,5,0,0,0,0.02,0.02,0.04,0.04,0.04,0.04,0.04,0.04
1444,code,5,4,1,3,1,0.04,0.04,0.04,0.04,0.04,0.04,0.04,0.04
6a4003137e78fccd4b596bad,link,3,2,1,0,0,0.04,0.04,0.04,0.04,0.04,0.04,0.04,0.04
69aa4207e72658901807f059,link,4,2,0,0,0,0.04,0.04,0.04,0.04,0.04,0.04,0.04,0.04
9978,code,6,1,0,0,0,0.04,0.04,0.04,0.04,0.04,0.04,0.04,0.04
9230,code,1,1,0,0,0,0.03,0.03,0.03,0.03,0.03,0.03,0.03,0.03
4534,code,10,1,1,1,1,0.03,0.03,0.03,0.03,0.03,0.03,0.03,0.03
5131,code,1,1,0,0,0,0.03,0.03,0.03,0.03,0.03,0.03,0.03,0.03
6a291866994c3747962b55d2,link,1,1,0,0,0,0.01,0.01,0.03,0.03,0.03,0.03,0.03,0.03
69a1482cf459769caf4f1ae7,link,6,1,0,0,0,0.0,0.0,0.0,0.0,0.0,0.03,0.03,0.03
69f2ff714c7a36160c4dbca6,link,1,1,1,0,0,0.01,0.03,0.03,0.03,0.03,0.03,0.03,0.03
6a3da932d3124af6a8a83c31,link,3,3,0,0,0,0.01,0.02,0.02,0.02,0.02,0.02,0.02,0.02
4642,code,5,1,0,0,0,0.0,0.02,0.02,0.02,0.02,0.02,0.02,0.02
6a2af963f168a9afad65e370,link,2,1,1,1,1,0.0,0.01,0.02,0.02,0.02,0.02,0.02,0.02
6a2ed8cc4261e5243c507140,link,5,2,1,0,0,0.0,0.0,0.0,0.02,0.02,0.02,0.02,0.02
9934,code,1,1,0,0,0,0.01,0.02,0.02,0.02,0.02,0.02,0.02,0.02
69f42482e255ff29f2ff170a,link,11,6,4,1,0,0.01,0.02,0.02,0.02,0.02,0.02,0.02,0.02
6989be9989171a84dcdeff47,link,7,1,0,0,0,0.02,0.02,0.02,0.02,0.02,0.02,0.02,0.02
6a1529723f57d4f16214a669,link,7,1,1,0,0,0.0,0.02,0.02,0.02,0.02,0.02,0.02,0.02
6a168f3c392f5ba754d432c5,link,1,1,1,0,0,0.02,0.02,0.02,0.02,0.02,0.02,0.02,0.02
6a27d571fc699a29d7accbf2,link,9,7,6,1,1,0.02,0.02,0.02,0.02,0.02,0.02,0.02,0.02
6a28b390f11610be10eab71f,link,5,1,0,0,0,0.01,0.01,0.01,0.01,0.01,0.01,0.01,0.01
1506,code,5,1,0,1,0,0.0,0.01,0.01,0.01,0.01,0.01,0.01,0.01
6a30cb56236110e0f69d2871,link,1,1,0,1,0,0.0,0.0,0.01,0.01,0.01,0.01,0.01,0.01
6a2af6a41028bdd53bd5866e,link,3,1,0,0,0,0.01,0.01,0.01,0.01,0.01,0.01,0.01,0.01
4682,code,54,2,0,0,0,0.01,0.01,0.01,0.01,0.01,0.01,0.01,0.01
6a319235cf1a739c2ab423c8,link,1,1,1,1,1,0.01,0.01,0.01,0.01,0.01,0.01,0.01,0.01
149301,code,3,1,1,1,1,0.01,0.01,0.01,0.01,0.01,0.01,0.01,0.01
6a1c764f632c0caad356e55c,link,3,1,0,0,0,0.01,0.01,0.01,0.01,0.01,0.01,0.01,0.01
9248,code,2,1,0,0,0,0.01,0.01,0.01,0.01,0.01,0.01,0.01,0.01
69364c07221be3b86279831f,link,2,1,0,0,0,0.01,0.01,0.01,0.01,0.01,0.01,0.01,0.01
69bba82da069ce8df4322f83,link,16,1,0,0,0,0.01,0.01,0.01,0.01,0.01,0.01,0.01,0.01
69f95cea362028a0ac10b7b2,link,4,2,2,0,0,0.01,0.01,0.01,0.01,0.01,0.01,0.01,0.01
69cf6117bd18b15233fb7066,link,3,2,1,0,0,0.01,0.01,0.01,0.01,0.01,0.01,0.01,0.01
698b33e6e960a01544c07c2c,link,3,1,0,0,0,0.01,0.01,0.01,0.01,0.01,0.01,0.01,0.01
9943,code,1,0,0,0,0,0.0,0.0,0.0,0.0,0.0,0.0,0.0,0.0
6a27d26bfc699a29d7accbed,link,2,0,0,0,0,0.0,0.0,0.0,0.0,0.0,0.0,0.0,0.0
69819fb5ad6ff76782718ddb,link,3,0,0,0,0,0.0,0.0,0.0,0.0,0.0,0.0,0.0,0.0
69b0242abb288457c237e5d6,link,2,0,0,0,0,0.0,0.0,0.0,0.0,0.0,0.0,0.0,0.0
69f3002bf26d74517548c1d2,link,1,1,1,0,0,0.0,0.0,0.0,0.0,0.0,0.0,0.0,0.0
697e05fa335fcaa26b221a6a,link,1,0,0,0,0,0.0,0.0,0.0,0.0,0.0,0.0,0.0,0.0
69244a8dec6babbaba8a22ea,link,1,0,0,0,0,0.0,0.0,0.0,0.0,0.0,0.0,0.0,0.0
120305,code,1,0,0,0,0,0.0,0.0,0.0,0.0,0.0,0.0,0.0,0.0
9118,code,1,0,0,0,0,0.0,0.0,0.0,0.0,0.0,0.0,0.0,0.0
9993,code,1,0,0,0,0,0.0,0.0,0.0,0.0,0.0,0.0,0.0,0.0
4836,code,2,1,0,0,0,0.0,0.0,0.0,0.0,0.0,0.0,0.0,0.0
4640,code,5,0,0,0,0,0.0,0.0,0.0,0.0,0.0,0.0,0.0,0.0
6a1d19d6c46c85020a1ac342,link,4,0,0,0,0,0.0,0.0,0.0,0.0,0.0,0.0,0.0,0.0
6a403be2345ae93b8aa4653c,link,3,2,2,2,2,0.0,0.0,0.0,0.0,0.0,0.0,0.0,0.0
692ff68ec56782cca5c2d173,link,4,0,0,0,0,0.0,0.0,0.0,0.0,0.0,0.0,0.0,0.0
133101,code,1,1,1,0,0,0.0,0.0,0.0,0.0,0.0,0.0,0.0,0.0
4575,code,4,0,0,0,0,0.0,0.0,0.0,0.0,0.0,0.0,0.0,0.0
5623,code,3,0,0,0,0,0.0,0.0,0.0,0.0,0.0,0.0,0.0,0.0
9992,code,2,0,0,0,0,0.0,0.0,0.0,0.0,0.0,0.0,0.0,0.0
1504,code,1,0,0,0,0,0.0,0.0,0.0,0.0,0.0,0.0,0.0,0.0
134301,code,1,0,0,0,0,0.0,0.0,0.0,0.0,0.0,0.0,0.0,0.0
4883,code,1,0,0,0,0,0.0,0.0,0.0,0.0,0.0,0.0,0.0,0.0
697cae89bd2050a8938a31ab,link,2,0,0,0,0,0.0,0.0,0.0,0.0,0.0,0.0,0.0,0.0
6a41678c3a0258849f4c1a3a,link,1,1,0,0,0,0.0,0.0,0.0,0.0,0.0,0.0,0.0,0.0
4876,code,3,3,3,3,3,0.0,0.0,0.0,0.0,0.0,0.0,0.0,0.0
9172,code,1,0,0,0,0,0.0,0.0,0.0,0.0,0.0,0.0,0.0,0.0
4520,code,2,1,0,0,0,0.0,0.0,0.0,0.0,0.0,0.0,0.0,0.0
4646,code,1,0,0,0,0,0.0,0.0,0.0,0.0,0.0,0.0,0.0,0.0
9023,code,1,1,1,1,1,0.0,0.0,0.0,0.0,0.0,0.0,0.0,0.0
692ff1510c2cb1202df741de,link,1,0,0,0,0,0.0,0.0,0.0,0.0,0.0,0.0,0.0,0.0
69e8b04f746a7be4a2cc2c2b,link,6,0,0,0,0,0.0,0.0,0.0,0.0,0.0,0.0,0.0,0.0
69ef17d7d41d12d42512b165,link,4,0,0,0,0,0.0,0.0,0.0,0.0,0.0,0.0,0.0,0.0
7184,code,2,0,0,0,0,0.0,0.0,0.0,0.0,0.0,0.0,0.0,0.0
69faafa0f532d84e217afa35,link,6,0,0,0,0,0.0,0.0,0.0,0.0,0.0,0.0,0.0,0.0
6a28064f6e06cc4d6c2d6c54,link,1,0,0,0,0,0.0,0.0,0.0,0.0,0.0,0.0,0.0,0.0
9985,code,1,0,0,0,0,0.0,0.0,0.0,0.0,0.0,0.0,0.0,0.0
4572,code,1,0,0,0,0,0.0,0.0,0.0,0.0,0.0,0.0,0.0,0.0
4923,code,38,2,0,0,0,0.0,0.0,0.0,0.0,0.0,0.0,0.0,0.0
8023,code,2,2,1,1,1,0.0,0.0,0.0,0.0,0.0,0.0,0.0,0.0
120504,code,1,0,0,0,0,0.0,0.0,0.0,0.0,0.0,0.0,0.0,0.0
4598,code,1,0,0,0,0,0.0,0.0,0.0,0.0,0.0,0.0,0.0,0.0
9052,code,1,1,0,0,0,0.0,0.0,0.0,0.0,0.0,0.0,0.0,0.0
7905,code,1,1,0,0,0,0.0,0.0,0.0,0.0,0.0,0.0,0.0,0.0
4529,code,3,0,0,0,0,0.0,0.0,0.0,0.0,0.0,0.0,0.0,0.0
5643,code,1,0,0,0,0,0.0,0.0,0.0,0.0,0.0,0.0,0.0,0.0
9116,code,80,5,0,0,0,0.0,0.0,0.0,0.0,0.0,0.0,0.0,0.0
4545,code,2,0,0,0,0,0.0,0.0,0.0,0.0,0.0,0.0,0.0,0.0
4541,code,2,0,0,0,0,0.0,0.0,0.0,0.0,0.0,0.0,0.0,0.0
9983,code,2,0,0,0,0,0.0,0.0,0.0,0.0,0.0,0.0,0.0,0.0
5647,code,5,0,0,0,0,0.0,0.0,0.0,0.0,0.0,0.0,0.0,0.0
009993,code,3,0,0,0,0,0.0,0.0,0.0,0.0,0.0,0.0,0.0,0.0
5642,code,2,0,0,0,0,0.0,0.0,0.0,0.0,0.0,0.0,0.0,0.0
4809,code,9,1,0,0,0,0.0,0.0,0.0,0.0,0.0,0.0,0.0,0.0
6a438ca0ce2dbd9065df3483,link,1,0,0,0,0,0.0,0.0,0.0,0.0,0.0,0.0,0.0,0.0
69143734b86a4a94922740fc,link,2,0,0,0,0,0.0,0.0,0.0,0.0,0.0,0.0,0.0,0.0
6a18d091c46c85020a1ac2d5,link,1,0,0,0,0,0.0,0.0,0.0,0.0,0.0,0.0,0.0,0.0
1501,code,1,0,0,0,0,0.0,0.0,0.0,0.0,0.0,0.0,0.0,0.0
6a28ab21533a4487d551c39e,link,1,0,0,0,0,0.0,0.0,0.0,0.0,0.0,0.0,0.0,0.0
6a4372291e78c27ca3fc3f84,link,2,0,0,0,0,0.0,0.0,0.0,0.0,0.0,0.0,0.0,0.0
6a29c15a5d66fd5f7e7ad3b6,link,3,0,0,0,0,0.0,0.0,0.0,0.0,0.0,0.0,0.0,0.0
6964f046b43690ae85b8fe24,link,3,0,0,0,0,0.0,0.0,0.0,0.0,0.0,0.0,0.0,0.0
8122,code,1,0,0,0,0,0.0,0.0,0.0,0.0,0.0,0.0,0.0,0.0
69e0c00e6033da99d727e6a2,link,2,1,0,0,0,0.0,0.0,0.0,0.0,0.0,0.0,0.0,0.0
6a298f525d66fd5f7e7ad3af,link,7,2,1,0,0,0.0,0.0,0.0,0.0,0.0,0.0,0.0,0.0
691316f6ef1ea28fc9c571a3,link,1,0,0,0,0,0.0,0.0,0.0,0.0,0.0,0.0,0.0,0.0
4706,code,3,0,0,0,0,0.0,0.0,0.0,0.0,0.0,0.0,0.0,0.0
6a29a9d9533a4487d551c3c2,link,1,0,0,0,0,0.0,0.0,0.0,0.0,0.0,0.0,0.0,0.0
6979b5786f64591f1a802dae,link,1,0,0,0,0,0.0,0.0,0.0,0.0,0.0,0.0,0.0,0.0
9283,code,4,0,0,0,0,0.0,0.0,0.0,0.0,0.0,0.0,0.0,0.0
6a27e1cd5d66fd5f7e7ad383,link,1,1,0,0,0,0.0,0.0,0.0,0.0,0.0,0.0,0.0,0.0
081803,code,2,0,0,0,0,0.0,0.0,0.0,0.0,0.0,0.0,0.0,0.0
4863,code,1,0,0,0,0,0.0,0.0,0.0,0.0,0.0,0.0,0.0,0.0
9177,code,1,0,0,0,0,0.0,0.0,0.0,0.0,0.0,0.0,0.0,0.0
5639,code,6,1,1,0,0,0.0,0.0,0.0,0.0,0.0,0.0,0.0,0.0
69b01ee2160b38169cfcc1a6,link,3,0,0,0,0,0.0,0.0,0.0,0.0,0.0,0.0,0.0,0.0
4552,code,1,0,0,0,0,0.0,0.0,0.0,0.0,0.0,0.0,0.0,0.0
1136,code,1,0,0,0,0,0.0,0.0,0.0,0.0,0.0,0.0,0.0,0.0
9053,code,1,0,0,0,0,0.0,0.0,0.0,0.0,0.0,0.0,0.0,0.0
1500,code,4,0,0,0,0,0.0,0.0,0.0,0.0,0.0,0.0,0.0,0.0
148801,code,3,0,0,0,0,0.0,0.0,0.0,0.0,0.0,0.0,0.0,0.0
4641,code,11,0,0,0,0,0.0,0.0,0.0,0.0,0.0,0.0,0.0,0.0
5630,code,2,0,0,0,0,0.0,0.0,0.0,0.0,0.0,0.0,0.0,0.0
092703,code,2,0,0,0,0,0.0,0.0,0.0,0.0,0.0,0.0,0.0,0.0
4773,code,1,0,0,0,0,0.0,0.0,0.0,0.0,0.0,0.0,0.0,0.0
4937,code,3,0,0,0,0,0.0,0.0,0.0,0.0,0.0,0.0,0.0,0.0
4599,code,1,0,0,0,0,0.0,0.0,0.0,0.0,0.0,0.0,0.0,0.0
7153,code,1,0,0,0,0,0.0,0.0,0.0,0.0,0.0,0.0,0.0,0.0
5654,code,1,0,0,0,0,0.0,0.0,0.0,0.0,0.0,0.0,0.0,0.0
6272,code,1,1,0,0,0,0.0,0.0,0.0,0.0,0.0,0.0,0.0,0.0
4717,code,1,0,0,0,0,0.0,0.0,0.0,0.0,0.0,0.0,0.0,0.0
9982,code,1,0,0,0,0,0.0,0.0,0.0,0.0,0.0,0.0,0.0,0.0
6978847ce15008e6f8820373,link,1,0,0,0,0,0.0,0.0,0.0,0.0,0.0,0.0,0.0,0.0
4792,code,21,0,0,0,0,0.0,0.0,0.0,0.0,0.0,0.0,0.0,0.0
4489,code,3,0,0,0,0,0.0,0.0,0.0,0.0,0.0,0.0,0.0,0.0
699ee7c316213c740dd80691,link,1,0,0,0,0,0.0,0.0,0.0,0.0,0.0,0.0,0.0,0.0
4656,code,3,1,0,0,0,0.0,0.0,0.0,0.0,0.0,0.0,0.0,0.0
5644,code,1,0,0,0,0,0.0,0.0,0.0,0.0,0.0,0.0,0.0,0.0
4860,code,3,0,0,0,0,0.0,0.0,0.0,0.0,0.0,0.0,0.0,0.0
69f94f07362028a0ac10b79e,link,2,0,0,0,0,0.0,0.0,0.0,0.0,0.0,0.0,0.0,0.0
1507,code,1,0,0,0,0,0.0,0.0,0.0,0.0,0.0,0.0,0.0,0.0
9228,code,1,0,0,0,0,0.0,0.0,0.0,0.0,0.0,0.0,0.0,0.0
6a3e693c3a0258849f4c05c6,link,2,1,1,1,1,0.0,0.0,0.0,0.0,0.0,0.0,0.0,0.0
9201,code,1,0,0,0,0,0.0,0.0,0.0,0.0,0.0,0.0,0.0,0.0
9996,code,5,1,0,0,0,0.0,0.0,0.0,0.0,0.0,0.0,0.0,0.0
69a690695929be91e15f792e,link,5,0,0,0,0,0.0,0.0,0.0,0.0,0.0,0.0,0.0,0.0
9218,code,7,0,0,0,0,0.0,0.0,0.0,0.0,0.0,0.0,0.0,0.0
9994,code,1,0,0,0,0,0.0,0.0,0.0,0.0,0.0,0.0,0.0,0.0
4903,code,1,0,0,0,0,0.0,0.0,0.0,0.0,0.0,0.0,0.0,0.0
4775,code,1,0,0,0,0,0.0,0.0,0.0,0.0,0.0,0.0,0.0,0.0
7152,code,1,0,0,0,0,0.0,0.0,0.0,0.0,0.0,0.0,0.0,0.0
9019,code,1,0,0,0,0,0.0,0.0,0.0,0.0,0.0,0.0,0.0,0.0
1509,code,1,0,0,0,0,0.0,0.0,0.0,0.0,0.0,0.0,0.0,0.0
6a29bed1533a4487d551c3c5,link,1,0,0,0,0,0.0,0.0,0.0,0.0,0.0,0.0,0.0,0.0
4551,code,1,0,0,0,0,0.0,0.0,0.0,0.0,0.0,0.0,0.0,0.0
9191,code,1,0,0,0,0,0.0,0.0,0.0,0.0,0.0,0.0,0.0,0.0
6a33f3ac4d4d16951c1663b8,link,14,0,0,0,0,0.0,0.0,0.0,0.0,0.0,0.0,0.0,0.0
4939,code,1,0,0,0,0,0.0,0.0,0.0,0.0,0.0,0.0,0.0,0.0
9216,code,1,0,0,0,0,0.0,0.0,0.0,0.0,0.0,0.0,0.0,0.0
6a46e039bb30f7b64618b8c5,link,1,0,0,0,0,0.0,0.0,0.0,0.0,0.0,0.0,0.0,0.0
4525,code,14,0,0,0,0,0.0,0.0,0.0,0.0,0.0,0.0,0.0,0.0
9187,code,1,0,0,0,0,0.0,0.0,0.0,0.0,0.0,0.0,0.0,0.0
6a0ea7f3e95c2d80649b40ab,link,1,0,0,0,0,0.0,0.0,0.0,0.0,0.0,0.0,0.0,0.0
9997,code,1,0,0,0,0,0.0,0.0,0.0,0.0,0.0,0.0,0.0,0.0
9981,code,1,0,0,0,0,0.0,0.0,0.0,0.0,0.0,0.0,0.0,0.0
6a0149430b72d8b35e4edf56,link,1,0,0,0,0,0.0,0.0,0.0,0.0,0.0,0.0,0.0,0.0
4791,code,10,0,0,0,0,0.0,0.0,0.0,0.0,0.0,0.0,0.0,0.0
061203,code,1,0,0,0,0,0.0,0.0,0.0,0.0,0.0,0.0,0.0,0.0
9189,code,2,0,0,0,0,0.0,0.0,0.0,0.0,0.0,0.0,0.0,0.0
9999,code,2,0,0,0,0,0.0,0.0,0.0,0.0,0.0,0.0,0.0,0.0
5620,code,1,0,0,0,0,0.0,0.0,0.0,0.0,0.0,0.0,0.0,0.0
698c0eafe960a01544c07c3e,link,4,0,0,0,0,0.0,0.0,0.0,0.0,0.0,0.0,0.0,0.0
5645,code,6,0,0,0,0,0.0,0.0,0.0,0.0,0.0,0.0,0.0,0.0
69fee2ea61118c6285dff7c6,link,1,1,1,1,1,0.0,0.0,0.0,0.0,0.0,0.0,0.0,0.0
4888,code,1,0,0,0,0,0.0,0.0,0.0,0.0,0.0,0.0,0.0,0.0
9112,code,1,0,0,0,0,0.0,0.0,0.0,0.0,0.0,0.0,0.0,0.0
691c5c5fea4154a0036e4f04,link,1,0,0,0,0,0.0,0.0,0.0,0.0,0.0,0.0,0.0,0.0
145301,code,1,0,0,0,0,0.0,0.0,0.0,0.0,0.0,0.0,0.0,0.0
140601,code,1,0,0,0,0,0.0,0.0,0.0,0.0,0.0,0.0,0.0,0.0
6a3b4281ed271e10dba56940,link,3,0,0,0,0,0.0,0.0,0.0,0.0,0.0,0.0,0.0,0.0
4653,code,5,1,1,1,1,0.0,0.0,0.0,0.0,0.0,0.0,0.0,0.0
6929a929882709053d025b9f,link,1,0,0,0,0,0.0,0.0,0.0,0.0,0.0,0.0,0.0,0.0
7282,code,1,0,0,0,0,0.0,0.0,0.0,0.0,0.0,0.0,0.0,0.0
698202a3ce4dd3594e9dd2e0,link,3,2,0,0,0,0.0,0.0,0.0,0.0,0.0,0.0,0.0,0.0
4902,code,1,0,0,0,0,0.0,0.0,0.0,0.0,0.0,0.0,0.0,0.0
9058,code,2,0,0,0,0,0.0,0.0,0.0,0.0,0.0,0.0,0.0,0.0
9959,code,5,0,0,0,0,0.0,0.0,0.0,0.0,0.0,0.0,0.0,0.0
4592,code,1,0,0,0,0,0.0,0.0,0.0,0.0,0.0,0.0,0.0,0.0
6a28af0a533a4487d551c39f,link,1,0,0,0,0,0.0,0.0,0.0,0.0,0.0,0.0,0.0,0.0
999003,code,2,0,0,0,0,0.0,0.0,0.0,0.0,0.0,0.0,0.0,0.0
9103,code,2,0,0,0,0,0.0,0.0,0.0,0.0,0.0,0.0,0.0,0.0
4934,code,5,0,0,0,0,0.0,0.0,0.0,0.0,0.0,0.0,0.0,0.0
6953b3b3971004d6355a84f3,link,2,1,0,0,0,0.0,0.0,0.0,0.0,0.0,0.0,0.0,0.0
4814,code,2,0,0,0,0,0.0,0.0,0.0,0.0,0.0,0.0,0.0,0.0
69c35e673567e9d91dff07ee,link,1,0,0,0,0,0.0,0.0,0.0,0.0,0.0,0.0,0.0,0.0
6a17dfd9f91a1b423d373673,link,1,0,0,0,0,0.0,0.0,0.0,0.0,0.0,0.0,0.0,0.0
8102,code,1,0,0,0,0,0.0,0.0,0.0,0.0,0.0,0.0,0.0,0.0
4871,code,1,0,0,0,0,0.0,0.0,0.0,0.0,0.0,0.0,0.0,0.0
9111,code,1,0,0,0,0,0.0,0.0,0.0,0.0,0.0,0.0,0.0,0.0
4864,code,1,0,0,0,0,0.0,0.0,0.0,0.0,0.0,0.0,0.0,0.0
9986,code,1,0,0,0,0,0.0,0.0,0.0,0.0,0.0,0.0,0.0,0.0
4935,code,24,1,1,0,0,0.0,0.0,0.0,0.0,0.0,0.0,0.0,0.0
6a3abc6b432217b120c6d829,link,2,0,0,0,0,0.0,0.0,0.0,0.0,0.0,0.0,0.0,0.0
69c9f603a866a74b4f71fb17,link,3,1,0,1,0,0.0,0.0,0.0,0.0,0.0,0.0,0.0,0.0
6926b0f8b140f902297fed48,link,1,0,0,0,0,0.0,0.0,0.0,0.0,0.0,0.0,0.0,0.0
6a2cf31e0f6c2a44ff9f8e4a,link,1,0,0,0,0,0.0,0.0,0.0,0.0,0.0,0.0,0.0,0.0
9044,code,1,0,0,0,0,0.0,0.0,0.0,0.0,0.0,0.0,0.0,0.0
692d5f6f4543187790e9c13f,link,1,1,1,0,0,0.0,0.0,0.0,0.0,0.0,0.0,0.0,0.0
4542,code,5,0,0,0,0,0.0,0.0,0.0,0.0,0.0,0.0,0.0,0.0
9057,code,11,0,0,0,0,0.0,0.0,0.0,0.0,0.0,0.0,0.0,0.0
4833,code,1,0,0,0,0,0.0,0.0,0.0,0.0,0.0,0.0,0.0,0.0
5633,code,2,0,0,0,0,0.0,0.0,0.0,0.0,0.0,0.0,0.0,0.0
4711,code,3,1,0,0,0,0.0,0.0,0.0,0.0,0.0,0.0,0.0,0.0
69fbf00be71c030eb9032030,link,1,0,0,0,0,0.0,0.0,0.0,0.0,0.0,0.0,0.0,0.0
9969,code,4,0,0,0,0,0.0,0.0,0.0,0.0,0.0,0.0,0.0,0.0
9181,code,1,0,0,0,0,0.0,0.0,0.0,0.0,0.0,0.0,0.0,0.0
9198,code,47,2,0,0,0,0.0,0.0,0.0,0.0,0.0,0.0,0.0,0.0
7183,code,2,0,0,0,0,0.0,0.0,0.0,0.0,0.0,0.0,0.0,0.0
6a01a63b40258ff54ec2c91b,link,1,0,0,0,0,0.0,0.0,0.0,0.0,0.0,0.0,0.0,0.0
9122,code,1,0,0,0,0,0.0,0.0,0.0,0.0,0.0,0.0,0.0,0.0
6a27d146652782c71aaebcdd,link,1,1,0,0,0,0.0,0.0,0.0,0.0,0.0,0.0,0.0,0.0
9108,code,2,0,0,0,0,0.0,0.0,0.0,0.0,0.0,0.0,0.0,0.0
4654,code,1,0,0,0,0,0.0,0.0,0.0,0.0,0.0,0.0,0.0,0.0
6a3bee94ac11f685aee88963,link,12,0,0,0,0,0.0,0.0,0.0,0.0,0.0,0.0,0.0,0.0
6925ac2f7a0f4f74e3566476,link,2,0,0,0,0,0.0,0.0,0.0,0.0,0.0,0.0,0.0,0.0
697c9244d4112aae3a35dac0,link,1,0,0,0,0,0.0,0.0,0.0,0.0,0.0,0.0,0.0,0.0
9128,code,1,0,0,0,0,0.0,0.0,0.0,0.0,0.0,0.0,0.0,0.0
6a288a945d66fd5f7e7ad391,link,1,0,0,0,0,0.0,0.0,0.0,0.0,0.0,0.0,0.0,0.0
150301,code,1,0,0,0,0,0.0,0.0,0.0,0.0,0.0,0.0,0.0,0.0
7203,code,1,1,0,1,0,0.0,0.0,0.0,0.0,0.0,0.0,0.0,0.0
6a27e2f22b365cfaa71467c9,link,1,0,0,0,0,0.0,0.0,0.0,0.0,0.0,0.0,0.0,0.0
69f94ec81e1476c5e25b1695,link,1,0,0,0,0,0.0,0.0,0.0,0.0,0.0,0.0,0.0,0.0
691db572f45f89c106fb40ac,link,1,0,0,0,0,0.0,0.0,0.0,0.0,0.0,0.0,0.0,0.0
4555,code,2,2,0,0,0,0.0,0.0,0.0,0.0,0.0,0.0,0.0,0.0
692fbbc6b12c18060e3fec5f,link,5,0,0,0,0,0.0,0.0,0.0,0.0,0.0,0.0,0.0,0.0
9252,code,1,0,0,0,0,0.0,0.0,0.0,0.0,0.0,0.0,0.0,0.0
692fbbb50b3e3a4af58a96cc,link,1,0,0,0,0,0.0,0.0,0.0,0.0,0.0,0.0,0.0,0.0
6a2a0e76f11610be10eab737,link,2,0,0,0,0,0.0,0.0,0.0,0.0,0.0,0.0,0.0,0.0
9199,code,1,0,0,0,0,0.0,0.0,0.0,0.0,0.0,0.0,0.0,0.0
9138,code,2,1,0,0,0,0.0,0.0,0.0,0.0,0.0,0.0,0.0,0.0
69f9532e610d963fd7611b7e,link,1,0,0,0,0,0.0,0.0,0.0,0.0,0.0,0.0,0.0,0.0
4710,code,1,0,0,0,0,0.0,0.0,0.0,0.0,0.0,0.0,0.0,0.0
698436acd511f537f898e66f,link,1,0,0,0,0,0.0,0.0,0.0,0.0,0.0,0.0,0.0,0.0
091101,code,1,1,1,1,1,0.0,0.0,0.0,0.0,0.0,0.0,0.0,0.0
4595,code,1,0,0,0,0,0.0,0.0,0.0,0.0,0.0,0.0,0.0,0.0
4926,code,67,1,0,0,0,0.0,0.0,0.0,0.0,0.0,0.0,0.0,0.0
4567,code,3,0,0,0,0,0.0,0.0,0.0,0.0,0.0,0.0,0.0,0.0
6a19033ea23f476e2d75e629,link,11,0,0,0,0,0.0,0.0,0.0,0.0,0.0,0.0,0.0,0.0
1112,code,1,1,0,1,0,0.0,0.0,0.0,0.0,0.0,0.0,0.0,0.0
6964ee5d2824f4a9ea08a0bb,link,3,1,0,0,0,0.0,0.0,0.0,0.0,0.0,0.0,0.0,0.0
690dda965f1a9b9708abdfcd,link,2,1,0,0,0,0.0,0.0,0.0,0.0,0.0,0.0,0.0,0.0
6a169701824a65af1b17cfef,link,1,0,0,0,0,0.0,0.0,0.0,0.0,0.0,0.0,0.0,0.0
697b693d0163c840aadd147d,link,1,0,0,0,0,0.0,0.0,0.0,0.0,0.0,0.0,0.0,0.0
1458,code,1,1,1,1,1,0.0,0.0,0.0,0.0,0.0,0.0,0.0,0.0
69bd1b9fd81acce2ecd92bd9,link,1,0,0,0,0,0.0,0.0,0.0,0.0,0.0,0.0,0.0,0.0
4468,code,2,0,0,0,0,0.0,0.0,0.0,0.0,0.0,0.0,0.0,0.0
1445,code,4,2,1,1,1,0.0,0.0,0.0,0.0,0.0,0.0,0.0,0.0
696f51f427308dccecf37e5d,link,3,0,0,0,0,0.0,0.0,0.0,0.0,0.0,0.0,0.0,0.0
6a05b3f8a41e8e8a14a097ff,link,2,0,0,0,0,0.0,0.0,0.0,0.0,0.0,0.0,0.0,0.0
698c1b81701cb15a2c57474f,link,1,0,0,0,0,0.0,0.0,0.0,0.0,0.0,0.0,0.0,0.0
6a1e3afb632c0caad356e573,link,7,0,0,0,0,0.0,0.0,0.0,0.0,0.0,0.0,0.0,0.0
1437,code,1,0,0,0,0,0.0,0.0,0.0,0.0,0.0,0.0,0.0,0.0
6a01488c31686037537b2996,link,4,0,0,0,0,0.0,0.0,0.0,0.0,0.0,0.0,0.0,0.0
4459,code,1,0,0,0,0,0.0,0.0,0.0,0.0,0.0,0.0,0.0,0.0
9293,code,1,0,0,0,0,0.0,0.0,0.0,0.0,0.0,0.0,0.0,0.0
7303,code,1,0,0,0,0,0.0,0.0,0.0,0.0,0.0,0.0,0.0,0.0
4694,code,1,0,0,0,0,0.0,0.0,0.0,0.0,0.0,0.0,0.0,0.0
133001,code,1,0,0,0,0,0.0,0.0,0.0,0.0,0.0,0.0,0.0,0.0
143301,code,1,0,0,0,0,0.0,0.0,0.0,0.0,0.0,0.0,0.0,0.0
69f96343e255ff29f2ff175e,link,2,0,0,0,0,0.0,0.0,0.0,0.0,0.0,0.0,0.0,0.0
692d930dc56782cca5c2d0ab,link,1,0,0,0,0,0.0,0.0,0.0,0.0,0.0,0.0,0.0,0.0
9364,code,4,0,0,0,0,0.0,0.0,0.0,0.0,0.0,0.0,0.0,0.0
69a5843b31076771b058374c,link,1,0,0,0,0,0.0,0.0,0.0,0.0,0.0,0.0,0.0,0.0
69410b8cb8662b6b96096d5d,link,1,0,0,0,0,0.0,0.0,0.0,0.0,0.0,0.0,0.0,0.0
69fee2a41805e117fa2f5573,link,1,0,0,0,0,0.0,0.0,0.0,0.0,0.0,0.0,0.0,0.0
6912ec72ef6b9aea49eca906,link,4,0,0,0,0,0.0,0.0,0.0,0.0,0.0,0.0,0.0,0.0
7316,code,1,0,0,0,0,0.0,0.0,0.0,0.0,0.0,0.0,0.0,0.0
6a20e963a22c3513d39f260a,link,1,0,0,0,0,0.0,0.0,0.0,0.0,0.0,0.0,0.0,0.0
991001,code,1,0,0,0,0,0.0,0.0,0.0,0.0,0.0,0.0,0.0,0.0
6a0148b50b70fc014e9b646d,link,3,0,0,0,0,0.0,0.0,0.0,0.0,0.0,0.0,0.0,0.0
69fbf3d6362028a0ac10b7ca,link,1,0,0,0,0,0.0,0.0,0.0,0.0,0.0,0.0,0.0,0.0
4693,code,2,0,0,0,0,0.0,0.0,0.0,0.0,0.0,0.0,0.0,0.0
695bc2d3681ee144149d03f6,link,1,0,0,0,0,0.0,0.0,0.0,0.0,0.0,0.0,0.0,0.0
6a31b28ccf1a739c2ab4245c,link,1,0,0,0,0,0.0,0.0,0.0,0.0,0.0,0.0,0.0,0.0
69f95187e71c030eb9032011,link,1,0,0,0,0,0.0,0.0,0.0,0.0,0.0,0.0,0.0,0.0
091003,code,1,0,0,0,0,0.0,0.0,0.0,0.0,0.0,0.0,0.0,0.0
9367,code,1,0,0,0,0,0.0,0.0,0.0,0.0,0.0,0.0,0.0,0.0
1273,code,10,2,0,0,0,0.0,0.0,0.0,0.0,0.0,0.0,0.0,0.0
092201,code,6,0,0,0,0,0.0,0.0,0.0,0.0,0.0,0.0,0.0,0.0
4508,code,2,0,0,0,0,0.0,0.0,0.0,0.0,0.0,0.0,0.0,0.0
6a16b0a0392f5ba754d432cf,link,1,1,0,0,0,0.0,0.0,0.0,0.0,0.0,0.0,0.0,0.0
9154,code,1,0,0,0,0,0.0,0.0,0.0,0.0,0.0,0.0,0.0,0.0
6a20225fd424787812989ca4,link,1,0,0,0,0,0.0,0.0,0.0,0.0,0.0,0.0,0.0,0.0
4535,code,5,0,0,0,0,0.0,0.0,0.0,0.0,0.0,0.0,0.0,0.0
991002,code,3,0,0,0,0,0.0,0.0,0.0,0.0,0.0,0.0,0.0,0.0
696fa1dfc96dd72eff43eedd,link,1,0,0,0,0,0.0,0.0,0.0,0.0,0.0,0.0,0.0,0.0
120204,code,1,0,0,0,0,0.0,0.0,0.0,0.0,0.0,0.0,0.0,0.0
1513,code,2,0,0,0,0,0.0,0.0,0.0,0.0,0.0,0.0,0.0,0.0
6941143a261e0f02d1bd469d,link,1,0,0,0,0,0.0,0.0,0.0,0.0,0.0,0.0,0.0,0.0
9007,code,11,2,0,0,0,0.0,0.0,0.0,0.0,0.0,0.0,0.0,0.0
1162,code,1,0,0,0,0,0.0,0.0,0.0,0.0,0.0,0.0,0.0,0.0
69a15994f459769caf4f1aeb,link,3,0,0,0,0,0.0,0.0,0.0,0.0,0.0,0.0,0.0,0.0
9362,code,1,0,0,0,0,0.0,0.0,0.0,0.0,0.0,0.0,0.0,0.0
080302,code,1,1,0,0,0,0.0,0.0,0.0,0.0,0.0,0.0,0.0,0.0
69f950a5e71c030eb903200d,link,1,0,0,0,0,0.0,0.0,0.0,0.0,0.0,0.0,0.0,0.0
9316,code,2,1,0,0,0,0.0,0.0,0.0,0.0,0.0,0.0,0.0,0.0
6a27f957a44819c1ff86f9fa,link,1,0,0,0,0,0.0,0.0,0.0,0.0,0.0,0.0,0.0,0.0
147201,code,1,0,0,0,0,0.0,0.0,0.0,0.0,0.0,0.0,0.0,0.0
4685,code,1,0,0,0,0,0.0,0.0,0.0,0.0,0.0,0.0,0.0,0.0
1512,code,2,0,0,0,0,0.0,0.0,0.0,0.0,0.0,0.0,0.0,0.0
69f95c731e1476c5e25b169e,link,1,1,0,0,0,0.0,0.0,0.0,0.0,0.0,0.0,0.0,0.0
4470,code,4,0,0,0,0,0.0,0.0,0.0,0.0,0.0,0.0,0.0,0.0
4509,code,9,1,1,1,1,0.0,0.0,0.0,0.0,0.0,0.0,0.0,0.0
9392,code,1,0,0,0,0,0.0,0.0,0.0,0.0,0.0,0.0,0.0,0.0
4517,code,1,0,0,0,0,0.0,0.0,0.0,0.0,0.0,0.0,0.0,0.0
69a6e9e2d67993625c4d2fca,link,1,0,0,0,0,0.0,0.0,0.0,0.0,0.0,0.0,0.0,0.0
152201,code,1,0,0,0,0,0.0,0.0,0.0,0.0,0.0,0.0,0.0,0.0
69fee2c31805e117fa2f5576,link,1,0,0,0,0,0.0,0.0,0.0,0.0,0.0,0.0,0.0,0.0
9396,code,1,0,0,0,0,0.0,0.0,0.0,0.0,0.0,0.0,0.0,0.0
151701,code,1,0,0,0,0,0.0,0.0,0.0,0.0,0.0,0.0,0.0,0.0
4510,code,4,0,0,0,0,0.0,0.0,0.0,0.0,0.0,0.0,0.0,0.0
6a0148df61118c6285dff7db,link,2,0,0,0,0,0.0,0.0,0.0,0.0,0.0,0.0,0.0,0.0
698364f8ce4dd3594e9dd2f6,link,1,0,0,0,0,0.0,0.0,0.0,0.0,0.0,0.0,0.0,0.0
6a1437439023af36257f6638,link,2,0,0,0,0,0.0,0.0,0.0,0.0,0.0,0.0,0.0,0.0
693020c15023542c14bc2fcd,link,2,0,0,0,0,0.0,0.0,0.0,0.0,0.0,0.0,0.0,0.0
69f4242e362028a0ac10b773,link,3,1,0,0,0,0.0,0.0,0.0,0.0,0.0,0.0,0.0,0.0
9933,code,2,0,0,0,0,0.0,0.0,0.0,0.0,0.0,0.0,0.0,0.0
6a2a4ed0f11610be10eab73c,link,3,0,0,0,0,0.0,0.0,0.0,0.0,0.0,0.0,0.0,0.0
4624,code,1,1,1,1,1,0.0,0.0,0.0,0.0,0.0,0.0,0.0,0.0
692e819f0b3e3a4af58a96b1,link,1,1,0,0,0,0.0,0.0,0.0,0.0,0.0,0.0,0.0,0.0
69646d7c7106633e0e5bb08b,link,2,0,0,0,0,0.0,0.0,0.0,0.0,0.0,0.0,0.0,0.0
4678,code,17,0,0,0,0,0.0,0.0,0.0,0.0,0.0,0.0,0.0,0.0
4462,code,1,0,0,0,0,0.0,0.0,0.0,0.0,0.0,0.0,0.0,0.0
1515,code,2,0,0,0,0,0.0,0.0,0.0,0.0,0.0,0.0,0.0,0.0
9313,code,1,0,0,0,0,0.0,0.0,0.0,0.0,0.0,0.0,0.0,0.0
6a2bc5664261e5243c505d33,link,1,0,0,0,0,0.0,0.0,0.0,0.0,0.0,0.0,0.0,0.0
4584,code,1,0,0,0,0,0.0,0.0,0.0,0.0,0.0,0.0,0.0,0.0
4458,code,1,0,0,0,0,0.0,0.0,0.0,0.0,0.0,0.0,0.0,0.0
69f2ffdb4c7a36160c4dbca9,link,1,1,1,0,0,0.0,0.0,0.0,0.0,0.0,0.0,0.0,0.0
69afd0c07936f21c9661be04,link,3,0,0,0,0,0.0,0.0,0.0,0.0,0.0,0.0,0.0,0.0
1514,code,2,0,0,0,0,0.0,0.0,0.0,0.0,0.0,0.0,0.0,0.0
6a18c3b0c46c85020a1ac2d2,link,1,0,0,0,0,0.0,0.0,0.0,0.0,0.0,0.0,0.0,0.0
69a6d88526524e41ca15d60c,link,2,0,0,0,0,0.0,0.0,0.0,0.0,0.0,0.0,0.0,0.0
4455,code,2,0,0,0,0,0.0,0.0,0.0,0.0,0.0,0.0,0.0,0.0
9926,code,1,0,0,0,0,0.0,0.0,0.0,0.0,0.0,0.0,0.0,0.0
4537,code,1,0,0,0,0,0.0,0.0,0.0,0.0,0.0,0.0,0.0,0.0
9309,code,1,0,0,0,0,0.0,0.0,0.0,0.0,0.0,0.0,0.0,0.0
6912ce0ff76f38ae9bf2ac8c,link,1,0,0,0,0,0.0,0.0,0.0,0.0,0.0,0.0,0.0,0.0
4450,code,1,0,0,0,0,0.0,0.0,0.0,0.0,0.0,0.0,0.0,0.0
1111,code,2,0,0,0,0,0.0,0.0,0.0,0.0,0.0,0.0,0.0,0.0
696f51930416a505d755eb68,link,1,0,0,0,0,0.0,0.0,0.0,0.0,0.0,0.0,0.0,0.0
4512,code,1,0,0,0,0,0.0,0.0,0.0,0.0,0.0,0.0,0.0,0.0
6a290fe41f4f5cf39160e2df,link,1,1,0,1,0,0.0,0.0,0.0,0.0,0.0,0.0,0.0,0.0
4515,code,1,0,0,0,0,0.0,0.0,0.0,0.0,0.0,0.0,0.0,0.0
6911e8fdf76f38ae9bf2ac87,link,1,0,0,0,0,0.0,0.0,0.0,0.0,0.0,0.0,0.0,0.0
150401,code,1,0,0,0,0,0.0,0.0,0.0,0.0,0.0,0.0,0.0,0.0
6a20eacc6c0122c2cc6eb1fb,link,1,0,0,0,0,0.0,0.0,0.0,0.0,0.0,0.0,0.0,0.0
146601,code,1,0,0,0,0,0.0,0.0,0.0,0.0,0.0,0.0,0.0,0.0
9148,code,1,0,0,0,0,0.0,0.0,0.0,0.0,0.0,0.0,0.0,0.0
4518,code,1,0,0,0,0,0.0,0.0,0.0,0.0,0.0,0.0,0.0,0.0
1193,code,1,0,0,0,0,0.0,0.0,0.0,0.0,0.0,0.0,0.0,0.0
9927,code,1,0,0,0,0,0.0,0.0,0.0,0.0,0.0,0.0,0.0,0.0
6911a046ee0358f14b707c43,link,1,0,0,0,0,0.0,0.0,0.0,0.0,0.0,0.0,0.0,0.0
9932,code,1,0,0,0,0,0.0,0.0,0.0,0.0,0.0,0.0,0.0,0.0
4536,code,2,0,0,0,0,0.0,0.0,0.0,0.0,0.0,0.0,0.0,0.0
4538,code,3,0,0,0,0,0.0,0.0,0.0,0.0,0.0,0.0,0.0,0.0
6a1e7cf357291a6ec563a8f9,link,1,0,0,0,0,0.0,0.0,0.0,0.0,0.0,0.0,0.0,0.0
9363,code,1,0,0,0,0,0.0,0.0,0.0,0.0,0.0,0.0,0.0,0.0
4586,code,1,1,0,0,0,0.0,0.0,0.0,0.0,0.0,0.0,0.0,0.0
69c9dec2a866a74b4f71fb14,link,8,0,0,0,0,0.0,0.0,0.0,0.0,0.0,0.0,0.0,0.0
6a46dfff417e9cbcc2608a6f,link,1,0,0,0,0,0.0,0.0,0.0,0.0,0.0,0.0,0.0,0.0
6911a93eef6b9aea49eca886,link,2,0,0,0,0,0.0,0.0,0.0,0.0,0.0,0.0,0.0,0.0
4456,code,2,0,0,0,0,0.0,0.0,0.0,0.0,0.0,0.0,0.0,0.0
1212,code,2,2,0,0,0,0.0,0.0,0.0,0.0,0.0,0.0,0.0,0.0
69a69cfc3c7e68d2a684807c,link,1,0,0,0,0,0.0,0.0,0.0,0.0,0.0,0.0,0.0,0.0
697e0572fc081e24dd2c3ac2,link,1,0,0,0,0,0.0,0.0,0.0,0.0,0.0,0.0,0.0,0.0
6a379dbdf76361d5426757b1,link,6,2,0,0,0,0.0,0.0,0.0,0.0,0.0,0.0,0.0,0.0
2771,code,1,1,1,1,1,0.0,0.0,0.0,0.0,0.0,0.0,0.0,0.0
8282,code,1,0,0,0,0,0.0,0.0,0.0,0.0,0.0,0.0,0.0,0.0
9393,code,1,0,0,0,0,0.0,0.0,0.0,0.0,0.0,0.0,0.0,0.0
4460,code,1,0,0,0,0,0.0,0.0,0.0,0.0,0.0,0.0,0.0,0.0
149001,code,1,0,0,0,0,0.0,0.0,0.0,0.0,0.0,0.0,0.0,0.0
1181,code,1,0,0,0,0,0.0,0.0,0.0,0.0,0.0,0.0,0.0,0.0
693feffde33da1618080f985,link,1,0,0,0,0,0.0,0.0,0.0,0.0,0.0,0.0,0.0,0.0
4582,code,1,0,0,0,0,0.0,0.0,0.0,0.0,0.0,0.0,0.0,0.0
69f94dd21e1476c5e25b1694,link,1,1,0,0,0,0.0,0.0,0.0,0.0,0.0,0.0,0.0,0.0
69f3001f4c7a36160c4dbcab,link,1,0,0,0,0,0.0,0.0,0.0,0.0,0.0,0.0,0.0,0.0
6a1538bd6f004c9ad3da084b,link,21,0,0,0,0,0.0,0.0,0.0,0.0,0.0,0.0,0.0,0.0
69a92d63ef27524527b1dbc7,link,1,1,0,0,0,0.0,0.0,0.0,0.0,0.0,0.0,0.0,0.0
9919,code,2,0,0,0,0,0.0,0.0,0.0,0.0,0.0,0.0,0.0,0.0
1435,code,1,0,0,0,0,0.0,0.0,0.0,0.0,0.0,0.0,0.0,0.0
6970db1c332bb90218617ecd,link,2,0,0,0,0,0.0,0.0,0.0,0.0,0.0,0.0,0.0,0.0
69c12b58a82cb95a95f447b3,link,2,1,0,0,0,0.0,0.0,0.0,0.0,0.0,0.0,0.0,0.0
6a014833505de3bd92de3dc6,link,10,0,0,0,0,0.0,0.0,0.0,0.0,0.0,0.0,0.0,0.0
695249c8c225e89b11b3f8a0,link,1,0,0,0,0,0.0,0.0,0.0,0.0,0.0,0.0,0.0,0.0
69fee2f4e863cf3d110711df,link,1,0,0,0,0,0.0,0.0,0.0,0.0,0.0,0.0,0.0,0.0
69a79bf16d19926632d83417,link,1,0,0,0,0,0.0,0.0,0.0,0.0,0.0,0.0,0.0,0.0
9295,code,1,0,0,0,0,0.0,0.0,0.0,0.0,0.0,0.0,0.0,0.0
4564,code,1,0,0,0,0,0.0,0.0,0.0,0.0,0.0,0.0,0.0,0.0
694d065f89149a9d0d8e70c4,link,1,1,0,0,0,0.0,0.0,0.0,0.0,0.0,0.0,0.0,0.0
695cab49c127ee983df2c5e6,link,1,0,0,0,0,0.0,0.0,0.0,0.0,0.0,0.0,0.0,0.0
6a1935e5bc442b0df52265e9,link,1,0,0,0,0,0.0,0.0,0.0,0.0,0.0,0.0,0.0,0.0
9162,code,1,0,0,0,0,0.0,0.0,0.0,0.0,0.0,0.0,0.0,0.0
4588,code,1,0,0,0,0,0.0,0.0,0.0,0.0,0.0,0.0,0.0,0.0
69427728bc1569ec83afc43c,link,1,0,0,0,0,0.0,0.0,0.0,0.0,0.0,0.0,0.0,0.0
6a01490bfe0bd15e2c2c427c,link,4,0,0,0,0,0.0,0.0,0.0,0.0,0.0,0.0,0.0,0.0
69142a9d5531405db370166a,link,1,1,0,0,0,0.0,0.0,0.0,0.0,0.0,0.0,0.0,0.0
1240,code,2,0,0,0,0,0.0,0.0,0.0,0.0,0.0,0.0,0.0,0.0
6993e85e26366b183976b66d,link,9,2,0,0,0,0.0,0.0,0.0,0.0,0.0,0.0,0.0,0.0
1317,code,1,0,0,0,0,0.0,0.0,0.0,0.0,0.0,0.0,0.0,0.0
152301,code,1,0,0,0,0,0.0,0.0,0.0,0.0,0.0,0.0,0.0,0.0
6993eb25fd71e28d4c6f39e7,link,2,0,0,0,0,0.0,0.0,0.0,0.0,0.0,0.0,0.0,0.0
1446,code,2,0,0,0,0,0.0,0.0,0.0,0.0,0.0,0.0,0.0,0.0
151001,code,1,0,0,0,0,0.0,0.0,0.0,0.0,0.0,0.0,0.0,0.0
092203,code,1,0,0,0,0,0.0,0.0,0.0,0.0,0.0,0.0,0.0,0.0
69897ba79413e363e7ed59cd,link,1,0,0,0,0,0.0,0.0,0.0,0.0,0.0,0.0,0.0,0.0
6a2808e1533a4487d551c395,link,1,0,0,0,0,0.0,0.0,0.0,0.0,0.0,0.0,0.0,0.0
144401,code,1,0,0,0,0,0.0,0.0,0.0,0.0,0.0,0.0,0.0,0.0
69f2ffb9f26d74517548c1d0,link,2,0,0,0,0,0.0,0.0,0.0,0.0,0.0,0.0,0.0,0.0
4474,code,11,0,0,0,0,0.0,0.0,0.0,0.0,0.0,0.0,0.0,0.0
4627,code,7,0,0,0,0,0.0,0.0,0.0,0.0,0.0,0.0,0.0,0.0
4618,code,1,0,0,0,0,0.0,0.0,0.0,0.0,0.0,0.0,0.0,0.0
1422,code,1,0,0,0,0,0.0,0.0,0.0,0.0,0.0,0.0,0.0,0.0
6a2659979a25fc4a9fdf690b,link,2,0,0,0,0,0.0,0.0,0.0,0.0,0.0,0.0,0.0,0.0
699fed5e5e14daecdb0bbea8,link,2,0,0,0,0,0.0,0.0,0.0,0.0,0.0,0.0,0.0,0.0
69899b7a7e71425c401380f1,link,2,0,0,0,0,0.0,0.0,0.0,0.0,0.0,0.0,0.0,0.0
69e1973aae5794e959902208,link,3,0,0,0,0,0.0,0.0,0.0,0.0,0.0,0.0,0.0,0.0
69f300092766ba81899b859e,link,1,1,0,0,0,0.0,0.0,0.0,0.0,0.0,0.0,0.0,0.0
5574,code,12,0,0,0,0,0.0,0.0,0.0,0.0,0.0,0.0,0.0,0.0
4765,code,1,0,0,0,0,0.0,0.0,0.0,0.0,0.0,0.0,0.0,0.0
1466,code,1,0,0,0,0,0.0,0.0,0.0,0.0,0.0,0.0,0.0,0.0
1497,code,2,0,0,0,0,0.0,0.0,0.0,0.0,0.0,0.0,0.0,0.0
4482,code,4,0,0,0,0,0.0,0.0,0.0,0.0,0.0,0.0,0.0,0.0
1339,code,1,0,0,0,0,0.0,0.0,0.0,0.0,0.0,0.0,0.0,0.0
112202,code,1,0,0,0,0,0.0,0.0,0.0,0.0,0.0,0.0,0.0,0.0
1475,code,2,1,0,0,0,0.0,0.0,0.0,0.0,0.0,0.0,0.0,0.0
4722,code,9,1,0,0,0,0.0,0.0,0.0,0.0,0.0,0.0,0.0,0.0
5610,code,1,1,0,0,0,0.0,0.0,0.0,0.0,0.0,0.0,0.0,0.0
69f95c50e255ff29f2ff1757,link,2,1,0,0,0,0.0,0.0,0.0,0.0,0.0,0.0,0.0,0.0
1473,code,2,0,0,0,0,0.0,0.0,0.0,0.0,0.0,0.0,0.0,0.0
9967,code,2,0,0,0,0,0.0,0.0,0.0,0.0,0.0,0.0,0.0,0.0
9975,code,3,1,0,0,0,0.0,0.0,0.0,0.0,0.0,0.0,0.0,0.0
9348,code,1,0,0,0,0,0.0,0.0,0.0,0.0,0.0,0.0,0.0,0.0
6911a2bff76f38ae9bf2ac64,link,1,0,0,0,0,0.0,0.0,0.0,0.0,0.0,0.0,0.0,0.0
693a7dee9e0f0e7cf19491b2,link,1,0,0,0,0,0.0,0.0,0.0,0.0,0.0,0.0,0.0,0.0
69f42364e255ff29f2ff1707,link,2,1,1,0,0,0.0,0.0,0.0,0.0,0.0,0.0,0.0,0.0
69157b39404463abca5d7b1c,link,1,0,0,0,0,0.0,0.0,0.0,0.0,0.0,0.0,0.0,0.0
6a014970e2295b31ab63cf47,link,5,0,0,0,0,0.0,0.0,0.0,0.0,0.0,0.0,0.0,0.0
1488,code,6,0,0,0,0,0.0,0.0,0.0,0.0,0.0,0.0,0.0,0.0
699fc76bd75fd9111f1c910e,link,1,0,0,0,0,0.0,0.0,0.0,0.0,0.0,0.0,0.0,0.0
6a0148660b72d8b35e4edf54,link,5,0,0,0,0,0.0,0.0,0.0,0.0,0.0,0.0,0.0,0.0
691ec190ef1ed23f23d01557,link,1,0,0,0,0,0.0,0.0,0.0,0.0,0.0,0.0,0.0,0.0
1499,code,1,0,0,0,0,0.0,0.0,0.0,0.0,0.0,0.0,0.0,0.0
9009,code,1,0,0,0,0,0.0,0.0,0.0,0.0,0.0,0.0,0.0,0.0
2057,code,1,0,0,0,0,0.0,0.0,0.0,0.0,0.0,0.0,0.0,0.0
6a31cea4cf1a739c2ab42536,link,2,1,0,0,0,0.0,0.0,0.0,0.0,0.0,0.0,0.0,0.0
1407,code,2,0,0,0,0,0.0,0.0,0.0,0.0,0.0,0.0,0.0,0.0
696e2b7a371a4c08478a6535,link,1,1,0,0,0,0.0,0.0,0.0,0.0,0.0,0.0,0.0,0.0
1332,code,1,0,0,0,0,0.0,0.0,0.0,0.0,0.0,0.0,0.0,0.0
4743,code,5,0,0,0,0,0.0,0.0,0.0,0.0,0.0,0.0,0.0,0.0
69a901fe92506cc0f91cfceb,link,4,0,0,0,0,0.0,0.0,0.0,0.0,0.0,0.0,0.0,0.0
69c51847f17c9b19a23a2ac2,link,1,0,0,0,0,0.0,0.0,0.0,0.0,0.0,0.0,0.0,0.0
6981ffc0ce4dd3594e9dd2df,link,1,0,0,0,0,0.0,0.0,0.0,0.0,0.0,0.0,0.0,0.0
9385,code,1,0,0,0,0,0.0,0.0,0.0,0.0,0.0,0.0,0.0,0.0
5586,code,1,0,0,0,0,0.0,0.0,0.0,0.0,0.0,0.0,0.0,0.0
9341,code,2,1,0,0,0,0.0,0.0,0.0,0.0,0.0,0.0,0.0,0.0
6a33c4306b5f716d7e5b87ce,link,3,0,0,0,0,0.0,0.0,0.0,0.0,0.0,0.0,0.0,0.0
690d8bb15f1a9b9708abdfba,link,1,0,0,0,0,0.0,0.0,0.0,0.0,0.0,0.0,0.0,0.0
5573,code,6,0,0,0,0,0.0,0.0,0.0,0.0,0.0,0.0,0.0,0.0
1486,code,4,0,0,0,0,0.0,0.0,0.0,0.0,0.0,0.0,0.0,0.0
9966,code,1,0,0,0,0,0.0,0.0,0.0,0.0,0.0,0.0,0.0,0.0
698b44dbe960a01544c07c2e,link,2,0,0,0,0,0.0,0.0,0.0,0.0,0.0,0.0,0.0,0.0
4849,code,1,0,0,0,0,0.0,0.0,0.0,0.0,0.0,0.0,0.0,0.0
4852,code,1,0,0,0,0,0.0,0.0,0.0,0.0,0.0,0.0,0.0,0.0
9952,code,1,0,0,0,0,0.0,0.0,0.0,0.0,0.0,0.0,0.0,0.0
6a4462b9a516ed72ca932efd,link,1,0,0,0,0,0.0,0.0,0.0,0.0,0.0,0.0,0.0,0.0
1487,code,2,0,0,0,0,0.0,0.0,0.0,0.0,0.0,0.0,0.0,0.0
69246b89363118611ba2bbd4,link,1,0,0,0,0,0.0,0.0,0.0,0.0,0.0,0.0,0.0,0.0
4491,code,2,1,0,0,0,0.0,0.0,0.0,0.0,0.0,0.0,0.0,0.0
9976,code,2,0,0,0,0,0.0,0.0,0.0,0.0,0.0,0.0,0.0,0.0
4614,code,1,0,0,0,0,0.0,0.0,0.0,0.0,0.0,0.0,0.0,0.0
69eb4fba642f664f4642479b,link,1,0,0,0,0,0.0,0.0,0.0,0.0,0.0,0.0,0.0,0.0
6a1ca42ac46c85020a1ac33c,link,1,0,0,0,0,0.0,0.0,0.0,0.0,0.0,0.0,0.0,0.0
6a3bbad3ac11f685aee888a1,link,1,0,0,0,0,0.0,0.0,0.0,0.0,0.0,0.0,0.0,0.0
6a2837a8f11610be10eab716,link,2,0,0,0,0,0.0,0.0,0.0,0.0,0.0,0.0,0.0,0.0
69f2ffb33971849a66b262c9,link,2,0,0,0,0,0.0,0.0,0.0,0.0,0.0,0.0,0.0,0.0
4602,code,1,0,0,0,0,0.0,0.0,0.0,0.0,0.0,0.0,0.0,0.0
4742,code,1,0,0,0,0,0.0,0.0,0.0,0.0,0.0,0.0,0.0,0.0
060702,code,1,0,0,0,0,0.0,0.0,0.0,0.0,0.0,0.0,0.0,0.0
692fe37bc56782cca5c2d16d,link,1,0,0,0,0,0.0,0.0,0.0,0.0,0.0,0.0,0.0,0.0
69c3c71efa75b5e4ef3761f2,link,2,0,0,0,0,0.0,0.0,0.0,0.0,0.0,0.0,0.0,0.0
1341,code,1,1,0,0,0,0.0,0.0,0.0,0.0,0.0,0.0,0.0,0.0
1483,code,1,0,0,0,0,0.0,0.0,0.0,0.0,0.0,0.0,0.0,0.0
69fee2cf0b70fc014e9b6456,link,6,0,0,0,0,0.0,0.0,0.0,0.0,0.0,0.0,0.0,0.0
69a688f9f94a210e5e6f05fb,link,1,0,0,0,0,0.0,0.0,0.0,0.0,0.0,0.0,0.0,0.0
9334,code,1,0,0,0,0,0.0,0.0,0.0,0.0,0.0,0.0,0.0,0.0
150001,code,1,0,0,0,0,0.0,0.0,0.0,0.0,0.0,0.0,0.0,0.0
69a04b314d75f37415f9d74c,link,2,0,0,0,0,0.0,0.0,0.0,0.0,0.0,0.0,0.0,0.0
1521,code,3,0,0,0,0,0.0,0.0,0.0,0.0,0.0,0.0,0.0,0.0
2058,code,1,1,1,1,1,0.0,0.0,0.0,0.0,0.0,0.0,0.0,0.0
009968,code,1,0,0,0,0,0.0,0.0,0.0,0.0,0.0,0.0,0.0,0.0
69a0457ec05431b6a0f5b5cc,link,2,0,0,0,0,0.0,0.0,0.0,0.0,0.0,0.0,0.0,0.0
9329,code,1,0,0,0,0,0.0,0.0,0.0,0.0,0.0,0.0,0.0,0.0
69f95d6de71c030eb9032017,link,2,0,0,0,0,0.0,0.0,0.0,0.0,0.0,0.0,0.0,0.0
6a0ec3453462b20bed293bfb,link,5,0,0,0,0,0.0,0.0,0.0,0.0,0.0,0.0,0.0,0.0
69131a93ef6b9aea49eca94c,link,2,1,0,0,0,0.0,0.0,0.0,0.0,0.0,0.0,0.0,0.0
4911,code,1,0,0,0,0,0.0,0.0,0.0,0.0,0.0,0.0,0.0,0.0
6a168cd8f177627054d58fc9,link,1,0,0,0,0,0.0,0.0,0.0,0.0,0.0,0.0,0.0,0.0
4824,code,1,0,0,0,0,0.0,0.0,0.0,0.0,0.0,0.0,0.0,0.0
69a99404174ed0957c3c4b26,link,2,0,0,0,0,0.0,0.0,0.0,0.0,0.0,0.0,0.0,0.0
1402,code,2,0,0,0,0,0.0,0.0,0.0,0.0,0.0,0.0,0.0,0.0
4725,code,1,0,0,0,0,0.0,0.0,0.0,0.0,0.0,0.0,0.0,0.0
9064,code,6,0,0,0,0,0.0,0.0,0.0,0.0,0.0,0.0,0.0,0.0
6a3191a8d35f8860e9731ad4,link,1,1,1,1,1,0.0,0.0,0.0,0.0,0.0,0.0,0.0,0.0
4481,code,4,0,0,0,0,0.0,0.0,0.0,0.0,0.0,0.0,0.0,0.0
5563,code,1,0,0,0,0,0.0,0.0,0.0,0.0,0.0,0.0,0.0,0.0
6a1b4ffd31720d3c39046759,link,1,0,0,0,0,0.0,0.0,0.0,0.0,0.0,0.0,0.0,0.0
1520,code,1,0,0,0,0,0.0,0.0,0.0,0.0,0.0,0.0,0.0,0.0
6a294e6b0668ed3db677490d,link,1,0,0,0,0,0.0,0.0,0.0,0.0,0.0,0.0,0.0,0.0
4662,code,2,0,0,0,0,0.0,0.0,0.0,0.0,0.0,0.0,0.0,0.0
9379,code,3,0,0,0,0,0.0,0.0,0.0,0.0,0.0,0.0,0.0,0.0
9349,code,1,0,0,0,0,0.0,0.0,0.0,0.0,0.0,0.0,0.0,0.0
4723,code,1,0,0,0,0,0.0,0.0,0.0,0.0,0.0,0.0,0.0,0.0
5576,code,1,0,0,0,0,0.0,0.0,0.0,0.0,0.0,0.0,0.0,0.0
1476,code,1,0,0,0,0,0.0,0.0,0.0,0.0,0.0,0.0,0.0,0.0
9377,code,1,0,0,0,0,0.0,0.0,0.0,0.0,0.0,0.0,0.0,0.0
69f963191e1476c5e25b16a3,link,4,1,1,0,0,0.0,0.0,0.0,0.0,0.0,0.0,0.0,0.0
6a067bfdd8199c1b1e135123,link,1,0,0,0,0,0.0,0.0,0.0,0.0,0.0,0.0,0.0,0.0
4600,code,4,0,0,0,0,0.0,0.0,0.0,0.0,0.0,0.0,0.0,0.0
5616,code,18,2,0,0,0,0.0,0.0,0.0,0.0,0.0,0.0,0.0,0.0
4745,code,40,0,0,0,0,0.0,0.0,0.0,0.0,0.0,0.0,0.0,0.0
6a0ec73766776ddb95b48286,link,1,1,0,1,0,0.0,0.0,0.0,0.0,0.0,0.0,0.0,0.0
6a27f4335d66fd5f7e7ad384,link,1,0,0,0,0,0.0,0.0,0.0,0.0,0.0,0.0,0.0,0.0
1416,code,1,0,0,0,0,0.0,0.0,0.0,0.0,0.0,0.0,0.0,0.0
1523,code,1,0,0,0,0,0.0,0.0,0.0,0.0,0.0,0.0,0.0,0.0
9979,code,1,0,0,0,0,0.0,0.0,0.0,0.0,0.0,0.0,0.0,0.0
4629,code,1,0,0,0,0,0.0,0.0,0.0,0.0,0.0,0.0,0.0,0.0
691edddbee42efba5cf7d970,link,1,0,0,0,0,0.0,0.0,0.0,0.0,0.0,0.0,0.0,0.0
6a375182485cf48116b3d894,link,4,0,0,0,0,0.0,0.0,0.0,0.0,0.0,0.0,0.0,0.0
69c14639056e85cd43776e09,link,1,0,0,0,0,0.0,0.0,0.0,0.0,0.0,0.0,0.0,0.0
1493,code,1,0,0,0,0,0.0,0.0,0.0,0.0,0.0,0.0,0.0,0.0
9097,code,1,0,0,0,0,0.0,0.0,0.0,0.0,0.0,0.0,0.0,0.0
1463,code,2,0,0,0,0,0.0,0.0,0.0,0.0,0.0,0.0,0.0,0.0
6a0a02654710fa5d80474a99,link,1,1,0,0,0,0.0,0.0,0.0,0.0,0.0,0.0,0.0,0.0
1494,code,2,0,0,0,0,0.0,0.0,0.0,0.0,0.0,0.0,0.0,0.0
6a151c38f1550049e66209b8,link,10,0,0,0,0,0.0,0.0,0.0,0.0,0.0,0.0,0.0,0.0
4825,code,1,0,0,0,0,0.0,0.0,0.0,0.0,0.0,0.0,0.0,0.0
9092,code,1,0,0,0,0,0.0,0.0,0.0,0.0,0.0,0.0,0.0,0.0
690afef0f12f26c746c24554,link,7,0,0,0,0,0.0,0.0,0.0,0.0,0.0,0.0,0.0,0.0
9082,code,2,0,0,0,0,0.0,0.0,0.0,0.0,0.0,0.0,0.0,0.0
5565,code,16,0,0,0,0,0.0,0.0,0.0,0.0,0.0,0.0,0.0,0.0
69259eb15a44cfe5303a201b,link,6,0,0,0,0,0.0,0.0,0.0,0.0,0.0,0.0,0.0,0.0
5564,code,1,0,0,0,0,0.0,0.0,0.0,0.0,0.0,0.0,0.0,0.0
6a0a01f6fe1883ec363851ea,link,2,1,0,0,0,0.0,0.0,0.0,0.0,0.0,0.0,0.0,0.0
6a45c5dcf030b1b7a8329619,link,56,3,0,0,0,0.0,0.0,0.0,0.0,0.0,0.0,0.0,0.0
1462,code,1,0,0,0,0,0.0,0.0,0.0,0.0,0.0,0.0,0.0,0.0
8062,code,1,0,0,0,0,0.0,0.0,0.0,0.0,0.0,0.0,0.0,0.0
6a0a77f1b769e8e5436a73de,link,9,0,0,0,0,0.0,0.0,0.0,0.0,0.0,0.0,0.0,0.0
1337,code,1,0,0,0,0,0.0,0.0,0.0,0.0,0.0,0.0,0.0,0.0
6a3401a342152a2cb0a72c4e,link,1,1,0,0,0,0.0,0.0,0.0,0.0,0.0,0.0,0.0,0.0
5606,code,5,0,0,0,0,0.0,0.0,0.0,0.0,0.0,0.0,0.0,0.0
4727,code,8,0,0,0,0,0.0,0.0,0.0,0.0,0.0,0.0,0.0,0.0
4747,code,2,0,0,0,0,0.0,0.0,0.0,0.0,0.0,0.0,0.0,0.0
69a58743000b7daab36a1083,link,3,0,0,0,0,0.0,0.0,0.0,0.0,0.0,0.0,0.0,0.0
9971,code,1,0,0,0,0,0.0,0.0,0.0,0.0,0.0,0.0,0.0,0.0
4822,code,1,0,0,0,0,0.0,0.0,0.0,0.0,0.0,0.0,0.0,0.0
6a164ea9ea222f35a877fc08,link,3,0,0,0,0,0.0,0.0,0.0,0.0,0.0,0.0,0.0,0.0
69674580dd3dcbb040d173d7,link,1,0,0,0,0,0.0,0.0,0.0,0.0,0.0,0.0,0.0,0.0
8111,code,1,0,0,0,0,0.0,0.0,0.0,0.0,0.0,0.0,0.0,0.0
6a1524f3914fbdd8ec89058e,link,1,0,0,0,0,0.0,0.0,0.0,0.0,0.0,0.0,0.0,0.0
4740,code,1,0,0,0,0,0.0,0.0,0.0,0.0,0.0,0.0,0.0,0.0
1522,code,1,0,0,0,0,0.0,0.0,0.0,0.0,0.0,0.0,0.0,0.0
1325,code,2,0,0,0,0,0.0,0.0,0.0,0.0,0.0,0.0,0.0,0.0
6a3f9910345ae93b8aa462e2,link,6,0,0,0,0,0.0,0.0,0.0,0.0,0.0,0.0,0.0,0.0
6925abd16606046e16ee6136,link,2,0,0,0,0,0.0,0.0,0.0,0.0,0.0,0.0,0.0,0.0
1492,code,1,0,0,0,0,0.0,0.0,0.0,0.0,0.0,0.0,0.0,0.0
6a0aba5eb769e8e5436a73e5,link,8,0,0,0,0,0.0,0.0,0.0,0.0,0.0,0.0,0.0,0.0
9905,code,1,0,0,0,0,0.0,0.0,0.0,0.0,0.0,0.0,0.0,0.0
8193,code,1,0,0,0,0,0.0,0.0,0.0,0.0,0.0,0.0,0.0,0.0
6a471415451df100bcd1b8c7,link,1,0,0,0,0,0.0,0.0,0.0,0.0,0.0,0.0,0.0,0.0
151801,code,1,0,0,0,0,0.0,0.0,0.0,0.0,0.0,0.0,0.0,0.0
6a3da5ccd9585f7f2bccfb43,link,2,1,1,0,0,0.0,0.0,0.0,0.0,0.0,0.0,0.0,0.0
5578,code,7,1,0,0,0,0.0,0.0,0.0,0.0,0.0,0.0,0.0,0.0
9233,code,2,0,0,0,0,0.0,0.0,0.0,0.0,0.0,0.0,0.0,0.0
6982bfb8d511f537f898e653,link,1,0,0,0,0,0.0,0.0,0.0,0.0,0.0,0.0,0.0,0.0
6a2af3def168a9afad65e352,link,1,0,0,0,0,0.0,0.0,0.0,0.0,0.0,0.0,0.0,0.0
691c379fea4154a0036e4efb,link,1,0,0,0,0,0.0,0.0,0.0,0.0,0.0,0.0,0.0,0.0
6a2b73eb6162ca2434767ea6,link,1,0,0,0,0,0.0,0.0,0.0,0.0,0.0,0.0,0.0,0.0
6a471b41bc1cf11a21853af1,link,1,0,0,0,0,0.0,0.0,0.0,0.0,0.0,0.0,0.0,0.0
147601,code,1,0,0,0,0,0.0,0.0,0.0,0.0,0.0,0.0,0.0,0.0
6a052ebba41e8e8a14a097ec,link,11,11,11,0,0,0.0,0.0,0.0,0.0,0.0,0.0,0.0,0.0
4752,code,2,0,0,0,0,0.0,0.0,0.0,0.0,0.0,0.0,0.0,0.0
4738,code,8,0,0,0,0,0.0,0.0,0.0,0.0,0.0,0.0,0.0,0.0
6a476eacbb30f7b64618bd21,link,27,3,1,0,0,0.0,0.0,0.0,0.0,0.0,0.0,0.0,0.0
69897fad7e71425c401380ed,link,1,0,0,0,0,0.0,0.0,0.0,0.0,0.0,0.0,0.0,0.0
4729,code,2,0,0,0,0,0.0,0.0,0.0,0.0,0.0,0.0,0.0,0.0
1411,code,1,0,0,0,0,0.0,0.0,0.0,0.0,0.0,0.0,0.0,0.0
149701,code,1,0,0,0,0,0.0,0.0,0.0,0.0,0.0,0.0,0.0,0.0
6a2eadd94261e5243c5070a4,link,16,0,0,0,0,0.0,0.0,0.0,0.0,0.0,0.0,0.0,0.0
1408,code,2,0,0,0,0,0.0,0.0,0.0,0.0,0.0,0.0,0.0,0.0
696d91f770374f19b6aa5675,link,1,0,0,0,0,0.0,0.0,0.0,0.0,0.0,0.0,0.0,0.0
6a144116914fbdd8ec89056b,link,1,0,0,0,0,0.0,0.0,0.0,0.0,0.0,0.0,0.0,0.0
4611,code,1,0,0,0,0,0.0,0.0,0.0,0.0,0.0,0.0,0.0,0.0
9977,code,1,0,0,0,0,0.0,0.0,0.0,0.0,0.0,0.0,0.0,0.0
698ae8a8bf3edf0889659db9,link,2,0,0,0,0,0.0,0.0,0.0,0.0,0.0,0.0,0.0,0.0
1496,code,3,0,0,0,0,0.0,0.0,0.0,0.0,0.0,0.0,0.0,0.0
69a6cc1eae4cb6bc00ba5715,link,4,0,0,0,0,0.0,0.0,0.0,0.0,0.0,0.0,0.0,0.0
6983152d22391300eafea79a,link,1,0,0,0,0,0.0,0.0,0.0,0.0,0.0,0.0,0.0,0.0
8203,code,1,1,0,0,0,0.0,0.0,0.0,0.0,0.0,0.0,0.0,0.0
1490,code,1,0,0,0,0,0.0,0.0,0.0,0.0,0.0,0.0,0.0,0.0
69b9230d733a1dd86f1ffaa7,link,1,0,0,0,0,0.0,0.0,0.0,0.0,0.0,0.0,0.0,0.0
992003,code,1,1,0,0,0,0.0,0.0,0.0,0.0,0.0,0.0,0.0,0.0
9961,code,1,0,0,0,0,0.0,0.0,0.0,0.0,0.0,0.0,0.0,0.0
69a65d961d357d4b46f59f94,link,1,1,1,0,0,0.0,0.0,0.0,0.0,0.0,0.0,0.0,0.0
6a0a77a94710fa5d80474a9c,link,8,0,0,0,0,0.0,0.0,0.0,0.0,0.0,0.0,0.0,0.0
1477,code,1,0,0,0,0,0.0,0.0,0.0,0.0,0.0,0.0,0.0,0.0
4493,code,2,0,0,0,0,0.0,0.0,0.0,0.0,0.0,0.0,0.0,0.0
6a0c028ab769e8e5436a7402,link,18,0,0,0,0,0.0,0.0,0.0,0.0,0.0,0.0,0.0,0.0
9343,code,1,0,0,0,0,0.0,0.0,0.0,0.0,0.0,0.0,0.0,0.0
4672,code,1,0,0,0,0,0.0,0.0,0.0,0.0,0.0,0.0,0.0,0.0
9321,code,1,0,0,0,0,0.0,0.0,0.0,0.0,0.0,0.0,0.0,0.0
5584,code,3,1,0,0,0,0.0,0.0,0.0,0.0,0.0,0.0,0.0,0.0
6a4473cca516ed72ca933016,link,49,3,2,0,0,0.0,0.0,0.0,0.0,0.0,0.0,0.0,0.0
9350,code,1,1,1,1,1,0.0,0.0,0.0,0.0,0.0,0.0,0.0,0.0
1460,code,1,0,0,0,0,0.0,0.0,0.0,0.0,0.0,0.0,0.0,0.0
4616,code,1,0,0,0,0,0.0,0.0,0.0,0.0,0.0,0.0,0.0,0.0
9093,code,1,0,0,0,0,0.0,0.0,0.0,0.0,0.0,0.0,0.0,0.0
9389,code,1,0,0,0,0,0.0,0.0,0.0,0.0,0.0,0.0,0.0,0.0
1525,code,1,0,0,0,0,0.0,0.0,0.0,0.0,0.0,0.0,0.0,0.0
6a321265b2035c0a7b51346d,link,1,0,0,0,0,0.0,0.0,0.0,0.0,0.0,0.0,0.0,0.0
1425,code,1,0,0,0,0,0.0,0.0,0.0,0.0,0.0,0.0,0.0,0.0
4485,code,1,0,0,0,0,0.0,0.0,0.0,0.0,0.0,0.0,0.0,0.0
9346,code,2,0,0,0,0,0.0,0.0,0.0,0.0,0.0,0.0,0.0,0.0
69d5f95dd7272e632198bb61,link,1,0,0,0,0,0.0,0.0,0.0,0.0,0.0,0.0,0.0,0.0
6a221efa9a25fc4a9fdf68f6,link,1,0,0,0,0,0.0,0.0,0.0,0.0,0.0,0.0,0.0,0.0
9086,code,1,0,0,0,0,0.0,0.0,0.0,0.0,0.0,0.0,0.0,0.0
9151,code,3,1,0,0,0,0.0,0.0,0.0,0.0,0.0,0.0,0.0,0.0
69cf62125815cec55a7f930b,link,8,0,0,0,0,0.0,0.0,0.0,0.0,0.0,0.0,0.0,0.0
69afffd7c02f963d3b0fa804,link,2,0,0,0,0,0.0,0.0,0.0,0.0,0.0,0.0,0.0,0.0
